GEOID,d_permits,d_permits_2011
36005000200,80.82389681353625,21.553039150276334
36005000400,20.201506222731847,0
36005001600,26.696720234261466,0
36005001900,7.918951603749891,0
36005002000,85.11761804160776,32.737545400618366
36005003300,34.367443754897685,0
36005006300,5.066008375151513,0
36005006500,39.45945553477305,19.729727767386525
36005007000,75.84480508358126,0
36005007100,39.22966785631481,0
36005007200,73.09581325669679,0
36005007300,73.91534622127061,0
36005007500,272.8006811146683,11.366695046444512
36005007600,71.58150034377749,0
36005007700,91.82233523934306,0
36005007800,92.68795128081314,0
36005007900,91.59770579449703,0
36005008300,36.31970327683913,0
36005008500,57.02996034014905,0
36005008700,24.25396056489996,0
36005009000,13.049415735917693,5.219766294367077
36005009200,8.392596657255925,0
36005009600,36.95352873239169,0
36005009800,65.25650143698572,0
36005011800,10.478130345773867,0
36005012901,16.56207860185714,0
36005013100,167.30506933624204,100.38304160174522
36005013200,25.769224094663173,0
36005014100,58.49721835569079,0
36005014300,79.86960287852094,79.86960287852094
36005014500,28.54910770439182,0
36005015100,24.727251828893092,0
36005015200,17.068712632176847,0
36005015300,22.204810191129678,0
36005015700,64.73878301662873,24.277043631235777
36005016000,36.66920575986474,0
36005016100,32.20510727941344,0
36005016700,12.431869221465675,12.431869221465675
36005016900,167.2454028058467,111.4969352038978
36005017702,18.4011187139328,0
36005018500,6.280204420873649,0
36005018900,66.63351695637256,66.63351695637256
36005019300,54.20092916138267,0
36005019900,29.19593014420148,0
36005020400,76.47627864843923,57.35720898632943
36005020501,37.839776083768356,0
36005020502,24.87179352517114,0
36005021302,156.8937108514441,156.8937108514441
36005021501,202.11839212991788,0
36005021502,33.30597496082047,0
36005021800,88.87820116666919,16.159672939394397
36005022000,66.80712901062799,11.13452150177133
36005022500,57.77186317314791,0
36005022800,135.3689107589181,135.3689107589181
36005023704,76.7867422615388,0
36005023800,91.06866641177102,30.356222137257006
36005024000,119.13268719325832,0
36005024300,85.54865355732305,0
36005024700,17.877813946334978,0
36005024800,130.47327743503428,0
36005025000,42.76029742557936,42.76029742557936
36005025100,149.38134751937633,37.34533687984408
36005025500,59.4120433029135,29.70602165145675
36005025700,32.92985383608352,0
36005026400,36.50009444069279,0
36005026500,12.955382133593886,0
36005026702,93.85448576755205,0
36005027300,85.0215529297009,0
36005027401,29.432716378895293,14.716358189447647
36005027402,15.391666169780693,5.130555389926897
36005027600,3.394688953705403,0
36005027900,39.13376944788636,19.56688472394318
36005028300,54.495262542719054,0
36005028600,121.52442142601376,0
36005028900,26.12518069561766,0
36005029302,6.103171283685339,0
36005029700,107.6215509837156,43.04862039348624
36005030200,35.016971813952814,0
36005031000,16.369073119840788,0
36005031400,98.55829003888505,0
36005032300,14.052180999081552,0
36005032600,15.640755763467295,0
36005032800,164.51875602154678,50.621155698937464
36005033000,125.6495001728482,125.6495001728482
36005033201,113.55955120289597,0
36005033500,14.94319743917965,7.471598719589825
36005033600,14.045809419831636,0
36005033700,17.957535444154782,0
36005034000,163.57993663375126,0
36005034300,21.34129560228589,0
36005034400,115.46777177913677,0
36005034800,47.36350001253352,11.84087500313338
36005035000,121.64186921618058,0
36005035100,13.802741330229896,9.201827553486597
36005035600,19.44735851569849,19.44735851569849
36005035800,63.46777464030667,0
36005036100,15.957787262082036,0
36005036502,79.14953682433077,0
36005036700,167.43329208994638,0
36005036800,91.66479754419996,0
36005036902,113.9088888866346,113.9088888866346
36005037000,97.80510868453237,0
36005037100,104.55186984765245,65.34491865478279
36005037200,83.31079880691563,0
36005037300,343.435948698735,164.25197546461237
36005037400,77.51114319080683,0
36005037504,32.47327896722675,0
36005037600,123.00001908152241,0
36005037800,19.950914855511087,0
36005038000,348.8919915829495,120.30758330446535
36005038100,34.7290972933932,0
36005038500,27.12321314446546,27.12321314446546
36005038600,6.324329650142596,0
36005038800,470.4044393556198,296.18057292761245
36005039000,299.42597892721403,0
36005039100,188.24493167190874,125.49662111460583
36005039200,242.4757986965521,0
36005039600,417.692588879939,232.0514382666328
36005039800,38.49272697064171,0
36005040303,149.05821773162288,0
36005040400,180.4541915193562,0
36005040502,36.681041017781745,0
36005040600,197.1540759322954,115.9729858425267
36005040702,56.964808129624714,0
36005040800,267.2311411836925,267.2311411836925
36005041300,89.4309719726635,29.810323990887834
36005041400,34.66587762094325,14.856804694689965
36005041800,9.6232028279529,0
36005041900,23.768000482511003,7.922666827503667
36005042000,206.50385850913258,0
36005042200,44.54791153473827,0
36005042500,26.716900555485708,0
36005042600,66.33431148996881,0
36005042800,30.614545349525166,0
36005043000,37.68827472137197,0
36005043100,36.23041771690246,0
36005043500,0.7698233844286985,0.7698233844286985
36005043600,16.747387932330682,16.747387932330682
36005044200,97.55777370460727,0
36005044800,138.675267321488,138.675267321488
36005044902,66.11405426677916,0
36005045600,50.44692343640448,9.45879814432584
36005046000,242.9672208717728,125.9830034149933
36005046201,8.841421857887292,7.578361592474822
36005046202,13.740014539650604,0
36005048400,11.112916663048047,11.112916663048047
36005051600,13.468155902618925,6.734077951309462
36047000700,59.47281677198742,59.47281677198742
36047002100,21.187870041998888,5.296967510499722
36047002200,77.07408696573744,46.244452179442455
36047003300,62.9107730996203,0
36047004100,79.92864716476429,0
36047004300,171.33752176135093,93.45683005164597
36047004400,43.21316099260626,24.693234852917865
36047004500,242.99424896019678,242.99424896019678
36047005100,228.31166056347448,42.808436355651466
36047005300,11.984152565210142,4.494057211953803
36047005800,321.5441164713152,120.5790436767432
36047006200,15.960618432845484,0
36047006700,381.5142027394809,16.587574032151345
36047007500,27.476893298389882,0
36047007600,74.69472325494836,0
36047007700,6.616023318540946,0
36047007800,56.257413449892944,0
36047008000,57.37168009287279,19.12389336429093
36047008200,19.22204905515107,0
36047008400,10.910304814302146,10.910304814302146
36047009000,104.65052276776437,0
36047009200,297.39155815728077,160.1339159308435
36047009800,34.30326458227461,0
36047010200,16.98889460668347,0
36047010400,51.013232264301934,17.00441075476731
36047010600,17.159867676908064,17.159867676908064
36047010800,68.61904060667071,34.309520303335354
36047011200,30.23684439181051,0
36047011400,15.435591746782785,0
36047011600,113.12352440515618,0
36047011700,38.35750401891436,38.35750401891436
36047011800,11.813957194988998,0
36047011900,15.7616435285398,15.7616435285398
36047012100,34.986840934409976,0
36047012901,18.920335265173065,0
36047013400,9.655704489336692,9.655704489336692
36047013500,51.16315886656055,0
36047013700,33.977494627263376,0
36047014100,78.25518612021891,0
36047014500,11.853222589073487,0
36047014700,431.32802241537934,383.40268659144834
36047014800,58.220203857139275,0
36047014900,10.478134256231778,0
36047015000,19.399796467826228,19.399796467826228
36047015100,17.346141718924404,0
36047016100,14.199673361909706,0
36047016600,77.62273189565028,0
36047016800,30.74718713714544,0
36047016900,37.09469838205271,0
36047017000,99.11699699759627,61.94812312349767
36047017800,63.163176979317825,63.163176979317825
36047018000,102.94300731266361,58.82457560723635
36047018800,14.781919651883525,0
36047019000,218.9422202386979,121.63456679927661
36047019100,31.065839011556584,0
36047019200,313.87212034644966,68.23306964053253
36047019400,72.58128684531364,43.548772107188185
36047019800,57.67684273102996,57.67684273102996
36047019900,68.54955756749395,68.54955756749395
36047020100,103.37583163316062,14.767975947594374
36047020200,96.04719127765726,96.04719127765726
36047020300,110.33168420077934,73.5544561338529
36047020500,162.16760162050224,64.8670406482009
36047021000,51.794540569520144,51.794540569520144
36047021100,134.59710147786424,0
36047021600,92.40282478937944,0
36047022000,26.662518296379588,0
36047022100,51.80199964205443,0
36047022200,102.90306609308979,0
36047022400,118.01954778689074,44.257330420084024
36047022700,10.757616247514079,10.757616247514079
36047022800,77.37145879433469,15.474291758866936
36047022900,135.6554167286869,0
36047023100,324.9392954748584,324.9392954748584
36047023200,80.09083037393174,34.32464158882789
36047023300,150.72093237566372,0
36047023400,76.2727043893014,0
36047023500,402.47306552311295,164.6480722594553
36047023600,106.74018917128478,45.74579535912205
36047023800,182.94813390075862,0
36047024000,350.92413629577146,167.8332825762385
36047024100,28.74341122116736,0
36047024200,108.22661981182569,67.64163738239105
36047024300,352.38408987117623,16.780194755770296
36047024500,139.70578063775628,139.70578063775628
36047024600,44.94402144474485,0
36047024700,14.217566971996062,0
36047024900,46.11377747004699,15.37125915668233
36047025100,579.7585392562128,523.6528741669018
36047025300,128.03031919452897,80.01894949658062
36047025400,59.03337794253338,59.03337794253338
36047025700,328.8970168358379,71.49935148605172
36047025901,32.27929705390854,0
36047026000,15.90271524647241,0
36047026100,441.5834365559554,194.81622200998032
36047026300,108.27261249703848,108.27261249703848
36047026500,16.227141107402616,0
36047026900,38.67201639576655,38.67201639576655
36047027000,386.5525814152237,77.31051628304473
36047027100,108.81360773834699,0
36047027200,39.1983682012536,0
36047027500,95.87899634746097,95.87899634746097
36047027600,17.336441916780508,0
36047027800,193.67707366136568,112.97829296912998
36047027900,271.91938221038606,191.94309332497838
36047028100,415.8359547898854,399.84226422104365
36047028200,45.33556657610171,0
36047028400,31.535908441238753,0
36047028700,104.25475367454152,17.375792279090255
36047028900,15.651835143640058,0
36047029100,267.42364715797834,235.96204160998087
36047029200,50.69739562388258,0
36047029300,141.73537227347362,0
36047029400,13.543926695476532,0
36047029600,96.76746723572941,96.76746723572941
36047030000,106.22781349412041,0
36047030200,147.16097048507416,134.89755627798465
36047030300,61.2808759010497,0
36047030400,16.731984931107075,0
36047030500,16.062747675255313,0
36047030800,79.51046693517843,79.51046693517843
36047030900,108.95573654871461,18.15928942478577
36047031100,17.757119788484285,0
36047031400,45.98927631136078,9.197855262272157
36047031701,463.3535424425858,463.3535424425858
36047033100,36.360059724622154,0
36047033600,75.25899239037939,45.155395434227636
36047034000,79.88019848103154,0
36047034200,45.051409157995494,45.051409157995494
36047034800,13.319377872770803,0
36047035900,56.26673128432709,56.26673128432709
36047036100,168.26620203282044,0
36047036200,90.82059615673604,90.82059615673604
36047036400,415.8151609164531,162.7102803586121
36047036502,128.97057923715127,128.97057923715127
36047036600,55.70234127491918,55.70234127491918
36047037401,57.42165101818892,0
36047037500,228.33392629771836,0
36047038100,43.252291747214834,0
36047038500,74.23595381894236,0
36047038600,175.16189412812193,0
36047038800,13.085227942876504,0
36047038900,79.4926783414369,0
36047039000,59.594884592188045,0
36047039100,31.172020408211395,0
36047039300,382.44900421668183,314.1545391779886
36047039400,121.34848679695511,53.932660798646715
36047039500,291.8843445393596,291.8843445393596
36047039600,317.2009806612713,206.18063742982633
36047039800,12.764870859641723,0
36047040000,53.9581476803382,0
36047040300,123.17187127858108,0
36047040500,37.554366157151044,37.554366157151044
36047040900,15.411808030776168,0
36047041100,19.191659782858643,0
36047041200,31.332681719887223,0
36047041300,111.79847416722419,47.91363178595322
36047041401,115.0060126148423,57.50300630742115
36047041402,16.81712441058381,0
36047041500,175.11483121915163,79.59765055415983
36047041600,79.66252266782163,31.86500906712865
36047041800,189.1413924978869,47.285348124471724
36047041900,338.53123994550475,338.53123994550475
36047042000,122.86175920591243,76.78859950369527
36047042100,67.5458912766246,0
36047042200,68.25633162235249,0
36047042300,397.9643158795686,0
36047042400,80.41906155425764,80.41906155425764
36047042500,61.72556959210653,0
36047042700,225.86027520033088,0
36047043200,52.211017443477495,0
36047043300,123.15350400451355,0
36047043400,92.7253899532971,92.7253899532971
36047043500,15.402025818533973,0
36047043700,46.491407917079194,15.49713597235973
36047043800,16.59526764914496,0
36047044200,127.494386339737,14.166042926637445
36047044500,15.58929965684694,0
36047044900,1.2068214480348987,0
36047045200,194.6130657998124,83.40559962849103
36047045400,58.72298373228495,19.57432791076165
36047045600,67.42417950189514,67.42417950189514
36047045800,317.641129821961,101.0676322160785
36047046800,45.18957295025938,9.037914590051876
36047047000,56.981331951457804,56.981331951457804
36047047200,134.89364480319114,14.988182755910126
36047047600,275.02843570303287,137.51421785151643
36047047700,248.02435222935603,188.97093503189032
36047047800,163.90870044953257,23.41552863564751
36047048000,33.617299338184495,0
36047048200,132.30993339567573,0
36047049100,36.450586951430836,36.450586951430836
36047049300,45.4364144768009,0
36047049500,100.30655622409112,0
36047049700,203.77281762547025,0
36047049900,128.54752527194458,73.45572872682547
36047050100,29.71783314438704,0
36047050202,74.7178259246227,0
36047050300,144.68318350302704,0
36047050500,61.153037705482014,30.576518852741007
36047050804,100.48165857086052,0
36047050900,438.39346242268476,347.06149108462546
36047051100,65.15545330771177,16.28886332692794
36047051300,59.92518706463147,49.937655887192896
36047051700,41.469020617537545,0
36047051900,66.25593968777359,0
36047052300,54.68118068526484,0
36047052700,135.87982310074236,67.93991155037118
36047053100,112.213643311221,16.030520473031572
36047053300,13.36442119914593,0
36047053500,19.968875070776015,0
36047053700,15.466436566046902,0
36047053800,78.74710018766932,78.74710018766932
36047054600,57.34274309443668,43.007057320827506
36047054700,15.467262485494913,15.467262485494913
36047054900,39.82252132098576,0
36047055000,14.403739494619831,0
36047055100,134.20452338753526,11.183710282294605
36047055200,77.23421272576914,0
36047055300,16.573572097537436,0
36047055500,59.387822939288874,19.795940979762957
36047055700,9.168340137795862,0
36047056000,70.09395842535392,70.09395842535392
36047056300,7.084340563820465,7.084340563820465
36047056500,10.921314717832804,0
36047056900,20.27697077481307,0
36047057100,73.63351007670852,0
36047057500,96.81032238950604,0
36047057900,14.041212047750196,3.510303011937549
36047058800,97.36257505926064,97.36257505926064
36047059000,114.39530425178164,0
36047059100,40.741335425076805,13.58044514169227
36047059401,30.78793195286647,0
36047060000,94.1990564966916,64.76185134147548
36047061002,68.48623984238594,11.414373307064324
36047061200,13.065227133681514,0
36047061600,46.37543766123095,17.836706792781136
36047062000,40.52192871605717,8.104385743211434
36047062800,80.09826772932705,53.3988451528847
36047064200,44.07177397195682,0
36047064600,15.636785045143155,15.636785045143155
36047064800,85.46537313446966,85.46537313446966
36047066200,89.51732147687463,0
36047067600,16.66927397012475,0
36047068200,217.72380604792482,0
36047069800,10.354792123029867,0
36047070000,38.48539035867012,38.48539035867012
36047070201,28.93642749825828,9.64547583275276
36047070600,6.2780590574932384,6.2780590574932384
36047072200,30.212210759680318,0
36047073200,16.187580690933274,0
36047073400,171.40262088196843,17.140262088196845
36047074200,44.57116238145416,0
36047074400,136.277048735612,75.70947151978444
36047074600,12.88081873312287,0
36047074800,88.02097435534043,0
36047075000,14.934746709467008,14.934746709467008
36047075200,74.7706967837546,0
36047075400,44.79480280925009,29.863201872833397
36047076200,13.773467669516211,13.773467669516211
36047077400,17.527796310757232,0
36047080200,55.9260094518937,0
36047080600,15.574353778519484,0
36047080800,16.09504245372722,16.09504245372722
36047081000,47.84029876431705,0
36047082200,76.23868149930894,15.247736299861788
36047082800,49.592840486170275,49.592840486170275
36047085000,125.36916052091847,0
36047086000,44.62724000110527,0
36047086200,203.28489731053605,0
36047086400,17.005763327819857,0
36047086600,16.54701696945293,0
36047087401,99.16128242637659,0
36047087600,72.84837574347705,0
36047089200,115.37105234226631,115.37105234226631
36047089600,278.0749119209068,260.69522992585013
36047089800,50.33738404531326,0
36047090000,83.95462473418453,0
36047091600,240.21260138710215,180.15945104032662
36047091800,49.4195525224532,0
36047092000,55.05705190451331,55.05705190451331
36047092200,32.248214267005125,0
36047093600,15.685462354713684,0
36047095000,106.82814777311629,0
36047095800,77.35421497571234,0
36047096600,85.75608808554428,0
36047097400,102.63447725337359,0
36047107000,114.18897689386357,79.85765050747321
36047109800,102.98800465641426,0
36047110400,10.440285327170367,0
36047111600,5.183156291799006,5.183156291799006
36047112000,44.91163595422479,0
36047112200,15.959692787032974,15.959692787032974
36047112400,14.562879200315157,0
36047113400,33.76336961306724,0
36047114201,8.726552436718688,8.726552436718688
36047115000,229.1348802428539,0
36047116400,42.794056473786696,0
36047118202,41.6649408308535,41.6649408308535
36047118600,19.691647352645504,0
36047119000,55.31493073273261,0
36047119200,137.6105560925316,57.3377317052215
36047119400,56.66146924213405,0
36047119600,67.59543071489708,0
36047120000,68.82455864789253,68.82455864789253
36047120800,144.68723291264865,26.793932020860865
36047123700,48.356805211162374,24.178402605581187
36061001501,19.922796088506136,19.922796088506136
36061001600,37.307508621796735,12.435836207265579
36061002100,21.337208653819726,0
36061002602,49.95542476605003,0
36061002800,28.194274839422015,0
36061003001,41.72222317705162,41.72222317705162
36061003100,37.80009532135803,0
36061003200,23.795937910900612,0
36061003300,7.576712215266523,7.576712215266523
36061003400,32.32290522670618,32.32290522670618
36061003800,38.39301372956791,38.39301372956791
36061004100,13.52672006265099,13.52672006265099
36061005400,61.68147091314267,30.840735456571334
36061005502,44.85244273924004,0
36061006100,54.596860573577324,0
36061006500,12.877128505863555,12.877128505863555
36061006800,59.38883458618164,0
36061007200,14.798261916178229,0
36061008400,29.930509168347292,29.930509168347292
36061009100,86.7684167075461,57.84561113836406
36061009300,43.38292854003932,0
36061009800,43.881296157267144,0
36061009900,5.1675747506653265,0
36061010300,15.001338577950444,15.001338577950444
36061010602,41.312887320996985,0
36061011202,33.20153424909469,33.20153424909469
36061011500,58.877447560390664,14.719361890097666
36061012000,29.93777218786793,0
36061012600,42.30765460898912,42.30765460898912
36061012800,86.91700739763876,86.91700739763876
36061012900,78.73839023208296,78.73839023208296
36061013300,59.41874575347623,29.709372876738115
36061013400,28.496153389697334,28.496153389697334
36061013500,11.998799311446804,0
36061013700,45.907511246258125,0
36061014000,14.460534345079662,0
36061014500,29.050603425788662,29.050603425788662
36061014602,47.439059574258025,0
36061015801,41.19122542453495,41.19122542453495
36061015802,201.12771457678727,201.12771457678727
36061016300,59.058705901688946,29.529352950844473
36061016400,29.201455323352917,0
36061016800,38.46676786584722,0
36061017200,29.110994800614375,29.110994800614375
36061017800,37.90998044438131,37.90998044438131
36061018200,43.92295499744493,0
36061018300,11.572439811703699,11.572439811703699
36061018400,58.67039400480396,0
36061019600,87.7030136784922,0
36061020102,62.14720895609487,62.14720895609487
36061020600,139.29583153191697,34.823957882979244
36061020800,87.1658611381157,17.43317222762314
36061021303,16.895820705924546,0
36061021500,148.61430956073488,0
36061021600,14.954001976520308,0
36061022000,29.607637711367943,0
36061022200,28.551992471320514,0
36061022400,26.606563329624187,0
36061022600,67.72123870548953,0
36061023100,14.17815158362163,0
36061023400,23.87117565633426,0
36061023600,9.236942481435424,0
36061024200,28.31348954484857,14.156744772424284
36061025900,68.63772902423534,0
36061027900,14.567965391377635,0
36081000100,13.752488362133624,9.16832557475575
36081000700,19.00866549893915,4.752166374734787
36081000800,13.644154287829792,13.644154287829792
36081001200,34.20515082990871,11.401716943302905
36081001400,60.69903986707383,0
36081002600,17.496151996260046,0
36081002800,23.254584644117607,0
36081003300,10.19060925520283,0
36081003600,158.2714433040608,100.71819119349324
36081003900,35.24499835862227,35.24499835862227
36081004200,116.38232906447075,25.862739792104612
36081005100,113.32839040424436,18.888065067374058
36081005200,118.98255666637489,0
36081005700,11.584867376599577,11.584867376599577
36081005900,27.232969976080593,0
36081006100,132.78374464474268,13.278374464474268
36081006300,195.00757581648094,0
36081006502,337.75411572923025,16.887705786461513
36081006900,245.43635900966405,12.271817950483202
36081007100,145.93035513699644,79.59837552927078
36081007300,622.0855697146723,475.7124944876905
36081007500,20.041616558006755,0
36081007700,184.01359848637006,143.12168771162115
36081007900,80.67956906505523,0
36081008100,46.42150801257425,0
36081008300,108.3747290606731,67.73420566292069
36081008700,20.611809582629355,20.611809582629355
36081008800,162.9414344546643,5.819336944809439
36081009400,29.822093221081236,29.822093221081236
36081009800,57.23748630110333,0
36081010100,44.97590933022715,44.97590933022715
36081010200,36.331920959903435,0
36081010400,55.55676326481527,55.55676326481527
36081010800,49.30055754388958,0
36081011000,156.92696557819764,156.92696557819764
36081011100,34.364317559396866,0
36081011200,164.05220467577712,0
36081011300,14.495448080584767,0
36081011700,60.81899584649359,12.163799169298718
36081011800,48.04902220882595,0
36081012000,211.3905347515086,0
36081012200,25.106246086262168,0
36081012301,4.380752042466792,4.380752042466792
36081013200,67.30099463690523,0
36081013400,27.413670528432927,0
36081013500,57.21859419783815,0
36081013700,38.532550532229635,0
36081013800,30.393507675060373,0
36081014000,58.03620195862385,46.42896156689908
36081014201,49.697297719777644,49.697297719777644
36081014202,29.425344016597176,21.018102868997982
36081014400,58.21607296639263,58.21607296639263
36081014500,60.82897505357674,0
36081014700,175.0590315365068,17.50590315365068
36081014800,157.9768366224693,0
36081015000,17.60502501713066,0
36081015300,63.957032823738594,0
36081015400,17.2907404163601,0
36081015500,105.21880140780982,0
36081015802,18.659249014040626,18.659249014040626
36081015900,15.263977061795956,15.263977061795956
36081016100,216.44228799791682,216.44228799791682
36081016800,36.74529339876207,12.248431132920691
36081017600,54.01842228888697,13.504605572221742
36081018000,90.80256475677443,18.160512951354885
36081018200,10.103948525095934,0
36081018800,131.7024307726238,0
36081019000,41.295839005966286,0
36081019200,13.007243945483154,0
36081019600,104.57666484280792,0
36081019800,49.830385013638804,0
36081020200,70.69388231978893,53.0204117398417
36081020400,27.06961969914589,0
36081020600,118.12641460117808,0
36081020800,4.883795678786118,4.883795678786118
36081022001,6.508272572436272,0
36081022002,102.67861826972126,42.782757612383854
36081023200,7.977515082619562,7.977515082619562
36081023800,16.51247152160795,0
36081024300,33.46502318145498,0
36081024500,47.808352818407535,47.808352818407535
36081024700,28.762800073667748,0
36081025301,60.9771693626033,0
36081025302,76.13656003929582,0
36081025400,52.89803117812614,32.55263457115455
36081025700,188.89091221815426,17.171901110741295
36081026100,139.88827608835413,104.9162070662656
36081026200,54.18631593903314,0
36081026300,221.625892483911,156.4418064592313
36081026400,30.53622956729164,0
36081026500,236.07667458353606,138.86863210796238
36081026600,59.88555280253502,0
36081026700,73.89692728868204,0
36081027000,83.8846316601524,41.9423158300762
36081027100,18.65249960151381,0
36081027400,108.1244617626488,0
36081027600,179.72898842746056,49.01699684385288
36081028100,29.69425443561706,29.69425443561706
36081028300,58.29520988799672,29.14760494399836
36081028400,90.67728622242133,72.54182897793706
36081028800,40.58311979013881,0
36081029100,29.83902718309015,0
36081029400,87.61117473314198,14.601862455523664
36081029700,69.31469987915456,24.755249956840913
36081030600,73.52332813367639,50.30543503883121
36081030903,44.184981719333805,0
36081030904,32.04131636632484,32.04131636632484
36081031700,22.457777456909323,22.457777456909323
36081032000,29.820588894579803,0
36081032700,103.01467971263185,0
36081032800,211.4261110831082,42.285222216621634
36081032900,77.12572826694915,0
36081033000,53.71571080071754,3.1597476941598552
36081033401,110.86013104857341,18.476688508095567
36081034700,20.266520089865793,0
36081035200,8.524153906915057,0
36081035700,158.18314973171772,103.94892696655737
36081035800,114.1603091715381,0
36081036100,263.3225859729316,164.57661623308226
36081036500,77.91503624499616,0
36081036600,28.07650016027764,0
36081036700,132.53614785881118,132.53614785881118
36081036800,56.838704924975914,56.838704924975914
36081037300,222.51200464944495,95.36228770690498
36081037500,267.02406433318447,133.51203216659223
36081037600,20.33055144395923,0
36081037900,224.11000226610685,0
36081038100,101.75211011606947,0
36081039900,213.0596485932435,76.09273164044411
36081040100,183.26298920364425,0
36081040200,94.90901175370746,0
36081040300,323.8400445245904,12.953601780983615
36081040500,200.69292159442327,20.069292159442327
36081040700,310.88277890848354,0
36081040900,16.935802754371203,0
36081041100,468.02215803073204,0
36081041300,261.4498946893261,16.34061841808288
36081041400,32.89116987039297,0
36081041500,75.757018510062,0
36081042700,274.0782533418564,30.453139260206264
36081043701,693.1558237467476,34.65779118733738
36081043702,153.13748304617692,27.843178735668534
36081043900,267.60673013678246,31.48314472197441
36081044000,82.01069980175298,0
36081044301,97.26047730226578,0
36081044302,9.317542318366938,9.317542318366938
36081044601,34.687582350060595,0
36081045400,33.88919791668764,0
36081045700,86.03638650330278,0
36081045800,21.29927116143707,10.649635580718535
36081045900,113.52469191994591,0
36081046200,20.67143490462021,0
36081046300,16.263384293893342,0
36081046500,79.8418157026742,0
36081046600,32.52436791820945,0
36081046700,72.94910347587874,0
36081046800,45.119138944255624,45.119138944255624
36081046900,239.51918475991818,17.108513197137015
36081047100,245.73556202569844,245.73556202569844
36081047200,30.10457652211718,30.10457652211718
36081047300,440.06632706277736,170.34825563720415
36081047500,91.19703954595734,8.290639958723395
36081047600,52.3669160444132,28.563772387861746
36081047800,3.9650243061365558,0
36081047900,113.65302948805576,13.370944645653621
36081048000,33.74402866580755,0
36081048200,11.446599206840526,0
36081048300,287.2711986681013,91.92678357379242
36081048500,174.5694649062292,22.76993020516033
36081049301,220.9131229588594,47.338526348327015
36081049302,141.80619147837325,0
36081049700,300.39916774875417,26.121666760761233
36081049900,10.918964289232008,0
36081050000,30.98658987975562,0
36081050600,25.112419251768504,0
36081050700,193.07506118527033,57.2074255363764
36081051100,103.80514698345017,66.0578208076501
36081051300,254.26677616865948,93.6772333252956
36081051700,123.52083220294226,20.586805367157044
36081052400,79.2114729388892,26.403824312963067
36081052500,128.18643234299392,0
36081053000,90.02437664751898,56.26523540469936
36081053601,27.138089220112782,27.138089220112782
36081054000,14.841744261312959,0
36081056200,48.5798356378194,0
36081056500,132.27142074623083,88.18094716415389
36081056800,3.046896054646841,0
36081058000,64.70535851448258,0
36081058200,9.190084023804019,0
36081058900,15.671007901743334,0
36081059300,30.815558200475067,0
36081062600,11.970530254816216,0
36081063800,29.921818424049057,7.480454606012264
36081065400,15.189725317651424,15.189725317651424
36081065600,135.537470169411,40.6612410508233
36081065703,174.41483197180403,0
36081065900,13.340183739330811,0
36081066400,14.711569044540948,0
36081066701,10.238144713631698,10.238144713631698
36081068000,20.201663084547864,6.7338876948492885
36081068700,49.14801992842421,39.31841594273937
36081069000,221.1736631448315,0
36081069300,38.69121632104939,0
36081069400,39.24202593113706,39.24202593113706
36081069500,36.03000454379008,0
36081069701,79.99869676683215,0
36081069702,46.73082115007073,0
36081070900,59.116187180953126,11.823237436190626
36081071100,34.4790005672311,0
36081071304,31.933529535903435,0
36081071306,151.57641888273997,0
36081071900,212.3195784294225,0
36081072900,67.02830721996017,67.02830721996017
36081073900,45.985698167323406,0
36081074700,26.357113049726316,26.357113049726316
36081074900,21.682115543143095,0
36081075702,94.69885537095486,43.70716401736379
36081077903,28.880031934872974,0
36081079000,9.930313566622921,0
36081079200,57.61889790518809,14.404724476297023
36081079701,69.80473806799841,0
36081079702,107.4160214201645,89.51335118347042
36081079900,388.8536186472385,180.86214820801789
36081080301,184.0213740424563,48.00557583716251
36081080302,47.33629206196873,0
36081081400,35.26933280122801,0
36081083700,53.424705543539,33.39044096471187
36081083800,78.42353210703733,0
36081084000,145.76085426384535,72.88042713192267
36081084500,13.759378505757928,0
36081084601,140.07906298626565,116.73255248855472
36081084900,68.33573978450696,0
36081085300,13.266627874006334,0
36081085700,156.35280154685248,19.54410019335656
36081085900,247.98237284389086,159.4172396853584
36081086100,156.6656564079249,156.6656564079249
36081086500,82.60496118862127,16.520992237724254
36081086900,45.03792019691244,0
36081087100,49.40268953565605,6.1753361919570064
36081088400,9.759230214113797,0
36081088901,99.8060534776411,45.74444117725217
36081089200,34.07499236291029,9.863813578737188
36081091601,110.81084103840475,42.09573849503644
36081091900,40.19986610098915,5.742838014427021
36081092200,40.358186345541604,16.14327453821664
36081092500,165.72924991587539,74.57816246214392
36081092800,20.09162517603387,10.045812588016934
36081092900,32.37588897436951,0
36081093900,999.7982209944624,106.69783386106911
36081094201,66.73990410451127,29.662179602005004
36081094202,3.6309445811016157,0
36081094203,5.034544520416813,0
36081094500,27.040737924830307,5.070138360905682
36081094700,28.522002543533567,0
36081096400,1070.6156818671504,455.3193129779835
36081097300,79.51339789067,29.817524209001256
36081098100,67.83517030251836,35.912737218980304
36081098700,39.06503761315085,0
36081099100,130.48819760466085,65.24409880233043
36081099701,2.7089835768102786,0
36081099703,26.160735263094114,4.360122543849019
36081100801,8.025625126104503,0
36081100802,4.967117527368566,4.967117527368566
36081101002,61.150557754378084,47.03889058029083
36081101700,41.88896798974819,0
36081102900,51.91770837679356,10.383541675358712
36081103201,6.415731100157775,0
36081103202,43.80913475946527,7.3015224599108794
36081103300,346.1596617311205,98.29224962735519
36081103900,29.602087376406566,0
36081104700,70.78575445874692,6.155282996412776
36081105900,51.8317114714425,19.9352736428625
36081107201,27.23515883564312,8.380048872505576
36081108500,17.22055057055424,0
36081109300,42.94358088604495,9.543017974676657
36081109900,54.068635029713064,33.79289689357066
36081111300,76.65033214883606,36.500158166112406
36081112900,36.49691115899437,0
36081113300,72.12813092043373,30.912056108757316
36081114100,34.67861534550418,0
36081114700,33.588509566209915,0
36081115100,27.490965089391928,27.490965089391928
36081115500,221.18528819004607,55.29632204751152
36081115700,32.99867868566638,0
36081115900,92.23613535457191,67.08082571241593
36081116100,14.51566222863642,14.51566222863642
36081116300,102.85965513834464,0
36081116700,327.4356253847318,171.51389901105
36081117500,115.27465028373501,36.88788809079521
36081118100,650.0702484551377,464.33589175366984
36081118500,417.34913032640856,166.93965213056342
36081118700,41.49860760277565,0
36081118900,230.39138008499702,191.99281673749752
36081119100,107.08172582517814,0
36081119300,98.15539377401494,61.34712110875934
36081120300,140.75207501391878,0
36081120500,166.48859823310158,128.06815248700124
36081120700,48.62902576980722,0
36081121500,37.03074495336664,16.458108868162952
36081122300,125.22833002812457,57.3963179295571
36081122701,29.403762633609556,14.701881316804778
36081122702,11.489871602683978,0
36081124100,124.60479813564339,119.41293154665824
36081124700,42.989672654771866,0
36081125700,132.66229616384135,101.44763824293749
36081126500,25.74263062496813,25.74263062496813
36081126700,33.277465482914664,0
36081127700,65.5688908547543,50.99802622036445
36081129102,33.48942768939634,2.5761098222612566
36081129103,17.034073176956156,0
36081129104,11.105036370693929,0
36081133300,11.173759524171821,0
36081134700,24.34348670390984,2.434348670390984
36081136700,53.803441803602226,16.813575563625694
36081137700,249.03683805798607,58.80036454146894
36081138501,31.31004803240257,23.482536024301925
36081140902,42.6156304866555,0
36081141700,233.9297477012935,5.7760431531183585
36081142900,136.19926235866322,4.864259369952258
36081143500,43.97783270357125,0
36081144100,61.251083080955404,7.6563853851194255
36081144700,195.72670348087587,12.627529256830702
36081145102,36.95545711755016,36.95545711755016
36081145900,55.95801467956717,0
36081146300,39.714815845528044,0
36081146700,65.97260661133261,58.64231698785121
36081147100,12.350804816494724,0
36081147900,8.454639610987932,0
36081148300,25.536426675395116,3.928681026983864
36081150701,115.21752830331222,50.223025157854046
36081150702,122.89853358876641,38.9678277232674
36081152901,14.739927187897095,7.3699635939485475
36081152902,114.64791218729239,49.84691834230104
36081155102,5.410427578083047,0
36081157101,16.66489625026528,8.33244812513264
36081157102,41.45703411223927,41.45703411223927
36081157901,84.45146481798339,61.931074199854486
36081157902,46.59084238550279,35.83910952730984
36081157903,97.94595519622128,18.83576061465794
36085000300,6.790954410207753,0
36085000600,23.306267384148804,15.537511589432535
36085000700,29.645740014609032,0
36085000800,145.84470390733586,77.78384208391246
36085000900,167.54509732027194,100.52705839216317
36085001100,47.801958544867695,0
36085001700,76.78675920201572,8.531862133557302
36085002001,105.3952045141955,105.3952045141955
36085002002,78.13496086458721,3.2556233693578007
36085002100,8.982676566812644,8.982676566812644
36085002700,20.690262633407794,0
36085002900,181.87327207588976,4.915493839888913
36085003300,39.41339771813619,0
36085003600,145.1154706520732,12.618736578441148
36085004000,52.412787503681805,8.735464583946968
36085005000,6.491539095415363,0
36085005900,14.942712523388455,14.942712523388455
36085006400,25.55296768126479,0
36085007000,83.36636883786056,30.404205105572675
36085007400,47.85729489613808,0
36085007500,37.72044959920427,10.777271314058362
36085007700,208.41833662059227,0
36085008100,41.034146371022345,6.3129455955418985
36085009601,20.02116024555807,0
36085009602,134.17408168290817,46.12234057849968
36085009700,76.54469744614381,4.502629261537872
36085010500,53.911632962338565,6.342545054392772
36085011201,82.16043528054796,17.720878197765245
36085011202,157.16564972735668,61.556546143214696
36085011401,49.15561010934844,0
36085011402,71.536738156512,40.23941521303801
36085012100,13.963851794714815,0
36085012200,31.287091937882813,12.514836775153125
36085012500,16.97442554573843,0
36085012804,89.49218715869372,11.547378988218545
36085012805,15.429172030710802,15.429172030710802
36085013201,16.54653470499001,0
36085013203,138.60891700732424,42.84275616590022
36085013204,106.5543179235296,12.390036967852279
36085013302,36.66036034596954,0
36085013400,57.84593989585826,21.31166206689515
36085013800,18.402310311566072,5.520693093469822
36085014100,41.47252778434404,0
36085014604,38.99887595830043,6.882154580876547
36085014605,17.743673291513094,0
36085014606,2.9286208781632364,0
36085015100,15.474023075772381,0
36085015601,83.31696333456503,23.54609833368142
36085015602,32.33544761955236,0
36085015603,40.08169226271162,16.032676905084646
36085016901,58.49693843486053,29.248469217430266
36085017005,65.72929930177894,36.324086456246256
36085017007,266.86051158372493,67.60466293454365
36085017008,69.6136182895937,9.944802612799101
36085017009,91.5775486815255,69.88812925695366
36085017010,6.996312346830945,0
36085017011,36.002293070203926,14.400917228081571
36085017300,67.91476556510989,67.91476556510989
36085017600,29.345997688158434,21.414646961629128
36085017700,23.368826508627915,5.842206627156979
36085018100,20.392870288390757,9.450354523888398
36085018701,20.347422277842643,0
36085018702,10.193826437680588,5.096913218840294
36085018901,64.3636870602086,40.52528444531652
36085018902,58.69979500232579,9.783299167054299
36085019700,60.402051863670685,25.886593655858864
36085019800,48.305032210502915,15.792029761125955
36085020100,28.86128059199828,8.246080169142365
36085020700,21.587609376600685,0
36085020801,34.919300101305765,21.949274349392198
36085020803,207.31914862440686,150.55319126296214
36085020804,103.16209415163584,27.25036449288494
36085021300,9.903399413451742,0
36085022300,100.77839195642856,0
36085022600,66.61817108892718,6.114711355988486
36085023100,52.42540415475126,0
36085023900,53.987813612811344,39.26386444568098
36085024401,54.14382725754356,13.53595681438589
36085024402,82.06083824186416,25.467156695750948
36085024700,16.04594559748475,0
36085024800,55.01006063227039,36.14946841549197
36085025100,6.6106939505604165,0
36085027704,83.38659221675195,83.38659221675195
36085027706,53.14167629239556,0
36085027900,16.79363204940645,5.927164252731688
36085029102,10.101370746399366,8.698402587177233
36085029103,16.568335878788712,8.921411627040076
36085031902,118.98206485493851,0
36085001800,0,0
36085003900,0,0
36085004700,0,0
36085013301,0,0
36085014700,0,0
36085015400,0,0
36085030302,0,0
36085027301,0,0
36085027302,0,0
36085030301,0,0
36085027702,0,0
36085031901,0,0
36085032300,0,0
36085029104,0,0
36085022800,0,0
36085027705,0,0
36085006700,0,0
36085012806,0,0
36085014607,0,0
36085014608,0,0
36085017012,0,0
36061027100,0,0
36061014401,0,0
36061014601,0,0
36061015400,0,0
36061015601,0,0
36061029500,0,0
36061024000,0,0
36061001401,0,0
36061021703,0,0
36061015200,0,0
36061022900,0,0
36061016100,0,0
36061024700,0,0
36061016500,0,0
36061018000,0,0
36061016002,0,0
36061016700,0,0
36061017500,0,0
36061024900,0,0
36061021900,0,0
36061017000,0,0
36061016900,0,0
36061023900,0,0
36061017100,0,0
36061018100,0,0
36061017402,0,0
36061028700,0,0
36061000201,0,0
36061022301,0,0
36061018500,0,0
36061021000,0,0
36061027700,0,0
36061023502,0,0
36061022102,0,0
36061019701,0,0
36061019500,0,0
36061018900,0,0
36061024100,0,0
36061019000,0,0
36061020101,0,0
36061021400,0,0
36061018800,0,0
36061023000,0,0
36061026300,0,0
36061008700,0,0
36061023700,0,0
36061024500,0,0
36061010601,0,0
36061024302,0,0
36061021200,0,0
36061022500,0,0
36061011401,0,0
36061023200,0,0
36061009600,0,0
36061011203,0,0
36061030300,0,0
36061023300,0,0
36061022302,0,0
36061025300,0,0
36061020901,0,0
36061030900,0,0
36061025100,0,0
36061025500,0,0
36061026700,0,0
36061028100,0,0
36061029100,0,0
36061029700,0,0
36061020701,0,0
36061028300,0,0
36061006200,0,0
36061002500,0,0
36061005800,0,0
36061006000,0,0
36061009000,0,0
36061002202,0,0
36061027500,0,0
36061014700,0,0
36061015001,0,0
36061015500,0,0
36061020300,0,0
36061019702,0,0
36061010400,0,0
36061000500,0,0
36061000202,0,0
36061014900,0,0
36061000800,0,0
36061001402,0,0
36061017300,0,0
36061002601,0,0
36061019400,0,0
36061024301,0,0
36061014300,0,0
36061001502,0,0
36061006600,0,0
36061011201,0,0
36061000100,0,0
36061028500,0,0
36061003601,0,0
36061012200,0,0
36061007000,0,0
36061019100,0,0
36061019300,0,0
36061017401,0,0
36061002400,0,0
36061007500,0,0
36061002700,0,0
36061000700,0,0
36061002900,0,0
36061010200,0,0
36061008000,0,0
36061012100,0,0
36061000600,0,0
36061009200,0,0
36061001200,0,0
36061005501,0,0
36061003002,0,0
36061001300,0,0
36061001800,0,0
36061017900,0,0
36061001002,0,0
36061004700,0,0
36061004800,0,0
36061005900,0,0
36061005700,0,0
36061003602,0,0
36061013600,0,0
36061031900,0,0
36061014402,0,0
36061003900,0,0
36061004200,0,0
36061002201,0,0
36061014802,0,0
36061002000,0,0
36061001001,0,0
36061004300,0,0
36061008100,0,0
36061010000,0,0
36061011100,0,0
36061022800,0,0
36061005000,0,0
36061006400,0,0
36061008300,0,0
36061007900,0,0
36061004500,0,0
36061018700,0,0
36061007600,0,0
36061016200,0,0
36061030700,0,0
36061009500,0,0
36061006900,0,0
36061008800,0,0
36061007100,0,0
36061023501,0,0
36061015002,0,0
36061007300,0,0
36061010100,0,0
36061010900,0,0
36061004000,0,0
36061027300,0,0
36061009700,0,0
36061006700,0,0
36061004900,0,0
36061018600,0,0
36061019900,0,0
36061008200,0,0
36061005200,0,0
36061005600,0,0
36061016600,0,0
36061000900,0,0
36061026100,0,0
36061013800,0,0
36061017700,0,0
36061011600,0,0
36061011700,0,0
36061008900,0,0
36061006300,0,0
36061007800,0,0
36061026900,0,0
36061014801,0,0
36061011800,0,0
36061021800,0,0
36061021100,0,0
36061012400,0,0
36061012700,0,0
36061020000,0,0
36061014200,0,0
36061009400,0,0
36061011000,0,0
36061010800,0,0
36061007700,0,0
36061007400,0,0
36061012500,0,0
36061015900,0,0
36061015602,0,0
36061020500,0,0
36061029300,0,0
36061031100,0,0
36061011402,0,0
36061013900,0,0
36061019200,0,0
36061011300,0,0
36061013000,0,0
36061019800,0,0
36061011900,0,0
36061016001,0,0
36061015700,0,0
36061026500,0,0
36061015300,0,0
36061013200,0,0
36061015100,0,0
36061013100,0,0
36061025700,0,0
36061003700,0,0
36061029900,0,0
36061008601,0,0
36061008603,0,0
36061022700,0,0
36061023801,0,0
36061023802,0,0
36061031703,0,0
36061031704,0,0
36061004400,0,0
36061008602,0,0
36047031500,0,0
36047031702,0,0
36047031900,0,0
36047032100,0,0
36047032300,0,0
36047032500,0,0
36047032600,0,0
36047032700,0,0
36047032800,0,0
36047032900,0,0
36047033000,0,0
36047033300,0,0
36047033500,0,0
36047033700,0,0
36047033900,0,0
36047034100,0,0
36047034300,0,0
36047034500,0,0
36047034700,0,0
36047034900,0,0
36047035000,0,0
36047035100,0,0
36047053400,0,0
36047053900,0,0
36047054200,0,0
36047054300,0,0
36047054400,0,0
36047054500,0,0
36047054800,0,0
36047055400,0,0
36047055600,0,0
36047055800,0,0
36047056200,0,0
36047056400,0,0
36047048600,0,0
36047048800,0,0
36047048900,0,0
36047049000,0,0
36047049200,0,0
36047066600,0,0
36047075800,0,0
36047000100,0,0
36047000200,0,0
36047000301,0,0
36047000900,0,0
36047001100,0,0
36047001300,0,0
36047001800,0,0
36047002000,0,0
36047019300,0,0
36047019500,0,0
36047019600,0,0
36047019700,0,0
36047020000,0,0
36047020400,0,0
36047020600,0,0
36047020700,0,0
36047020800,0,0
36047021200,0,0
36047021300,0,0
36047021400,0,0
36047021500,0,0
36047021700,0,0
36047021800,0,0
36047093000,0,0
36047093400,0,0
36047093800,0,0
36047094401,0,0
36047094402,0,0
36047095400,0,0
36047095600,0,0
36047096000,0,0
36047096200,0,0
36047096400,0,0
36047096800,0,0
36047097000,0,0
36047098200,0,0
36047098400,0,0
36047098600,0,0
36047098800,0,0
36047099000,0,0
36047099200,0,0
36047099400,0,0
36047099600,0,0
36047075600,0,0
36047076000,0,0
36047076400,0,0
36047076600,0,0
36047077000,0,0
36047077200,0,0
36047077600,0,0
36047078000,0,0
36047078200,0,0
36047078400,0,0
36047078600,0,0
36047078800,0,0
36047079000,0,0
36047079200,0,0
36047079400,0,0
36047080000,0,0
36047080400,0,0
36047035200,0,0
36047035300,0,0
36047035400,0,0
36047035500,0,0
36047035700,0,0
36047036001,0,0
36047036002,0,0
36047036300,0,0
36047036501,0,0
36047036700,0,0
36047036900,0,0
36047037000,0,0
36047037100,0,0
36047037300,0,0
36047037700,0,0
36047056600,0,0
36047056800,0,0
36047057000,0,0
36047057200,0,0
36047057300,0,0
36047057400,0,0
36047057600,0,0
36047057800,0,0
36047058000,0,0
36047058200,0,0
36047058400,0,0
36047058600,0,0
36047058900,0,0
36047059200,0,0
36047059300,0,0
36047059402,0,0
36047002300,0,0
36047002901,0,0
36047003000,0,0
36047003100,0,0
36047003400,0,0
36047003500,0,0
36047003600,0,0
36047003700,0,0
36047003800,0,0
36047003900,0,0
36047004700,0,0
36047060600,0,0
36047004900,0,0
36047005000,0,0
36047005201,0,0
36047005202,0,0
36047005400,0,0
36047021900,0,0
36047022600,0,0
36047023000,0,0
36047024400,0,0
36047024800,0,0
36047099800,0,0
36047100400,0,0
36047100600,0,0
36047100800,0,0
36047101000,0,0
36047101200,0,0
36047101400,0,0
36047101600,0,0
36047101800,0,0
36047102000,0,0
36047102200,0,0
36047102400,0,0
36047102600,0,0
36047102800,0,0
36047103400,0,0
36047107800,0,0
36047110600,0,0
36047111000,0,0
36047111800,0,0
36047081400,0,0
36047081600,0,0
36047081800,0,0
36047114400,0,0
36047015200,0,0
36047048500,0,0
36047056100,0,0
36047092400,0,0
36047093200,0,0
36047150200,0,0
36047037900,0,0
36047038200,0,0
36047038300,0,0
36047038700,0,0
36047039200,0,0
36047039700,0,0
36047039900,0,0
36047040100,0,0
36047040200,0,0
36047059600,0,0
36047059800,0,0
36047060800,0,0
36047062200,0,0
36047062600,0,0
36047063200,0,0
36047063600,0,0
36047063800,0,0
36047064000,0,0
36047064400,0,0
36047065000,0,0
36047065200,0,0
36047065400,0,0
36047065600,0,0
36047065800,0,0
36047066000,0,0
36047005601,0,0
36047005602,0,0
36047005900,0,0
36047006000,0,0
36047006300,0,0
36047006400,0,0
36047006500,0,0
36047006600,0,0
36047006800,0,0
36047006900,0,0
36047007000,0,0
36047007100,0,0
36047007200,0,0
36047007400,0,0
36047008500,0,0
36047025000,0,0
36047025200,0,0
36047025500,0,0
36047025600,0,0
36047025800,0,0
36047025902,0,0
36047026200,0,0
36047026400,0,0
36047026600,0,0
36047026700,0,0
36047026800,0,0
36047027300,0,0
36047027400,0,0
36047027700,0,0
36047112600,0,0
36047112800,0,0
36047113000,0,0
36047113200,0,0
36047114202,0,0
36047114600,0,0
36047115200,0,0
36047115600,0,0
36047115800,0,0
36047116000,0,0
36047116200,0,0
36047116600,0,0
36047116800,0,0
36047117000,0,0
36047117201,0,0
36047117202,0,0
36047117400,0,0
36047117601,0,0
36047117602,0,0
36047117800,0,0
36047118000,0,0
36047012600,0,0
36047046000,0,0
36047076800,0,0
36047094600,0,0
36047105804,0,0
36047119800,0,0
36047152200,0,0
36047000501,0,0
36047000502,0,0
36047001500,0,0
36047035601,0,0
36047035602,0,0
36047037402,0,0
36047050801,0,0
36047050803,0,0
36047051001,0,0
36047028300,0,0
36047028501,0,0
36047028502,0,0
36047028600,0,0
36047028800,0,0
36047029000,0,0
36047029500,0,0
36047029700,0,0
36047029800,0,0
36047029900,0,0
36047030100,0,0
36047030600,0,0
36047030700,0,0
36047031300,0,0
36047040400,0,0
36047040600,0,0
36047040700,0,0
36047040800,0,0
36047041000,0,0
36047041700,0,0
36047049400,0,0
36047049600,0,0
36047049800,0,0
36047050000,0,0
36047067000,0,0
36047042600,0,0
36047042800,0,0
36047042900,0,0
36047043000,0,0
36047043100,0,0
36047043600,0,0
36047043900,0,0
36047044000,0,0
36047044100,0,0
36047044300,0,0
36047008600,0,0
36047008800,0,0
36047009400,0,0
36047009600,0,0
36047010000,0,0
36047010100,0,0
36047011000,0,0
36047012000,0,0
36047012200,0,0
36047012700,0,0
36047012801,0,0
36047012902,0,0
36047013000,0,0
36047013100,0,0
36047050400,0,0
36047050600,0,0
36047050700,0,0
36047051200,0,0
36047051400,0,0
36047051500,0,0
36047051800,0,0
36047052000,0,0
36047052500,0,0
36047052600,0,0
36047052800,0,0
36047052900,0,0
36047053000,0,0
36047053200,0,0
36047044400,0,0
36047044600,0,0
36047044700,0,0
36047044800,0,0
36047045000,0,0
36047045300,0,0
36047046201,0,0
36047046202,0,0
36047046400,0,0
36047047400,0,0
36047048100,0,0
36047048400,0,0
36047013200,0,0
36047013300,0,0
36047013600,0,0
36047013800,0,0
36047013900,0,0
36047014000,0,0
36047014200,0,0
36047014300,0,0
36047015300,0,0
36047015400,0,0
36047015500,0,0
36047015700,0,0
36047015900,0,0
36047016000,0,0
36047016200,0,0
36047028000,0,0
36047082000,0,0
36047082400,0,0
36047082600,0,0
36047083000,0,0
36047083200,0,0
36047083400,0,0
36047083600,0,0
36047083800,0,0
36047084000,0,0
36047084600,0,0
36047084800,0,0
36047085200,0,0
36047085400,0,0
36047085600,0,0
36047085800,0,0
36047086800,0,0
36047118201,0,0
36047118400,0,0
36047118800,0,0
36047121000,0,0
36047121400,0,0
36047122000,0,0
36047120200,0,0
36047072600,0,0
36047004600,0,0
36047067200,0,0
36047067400,0,0
36047067800,0,0
36047051002,0,0
36047051601,0,0
36047051602,0,0
36047061003,0,0
36047061004,0,0
36047069601,0,0
36047069602,0,0
36047079601,0,0
36047079602,0,0
36047079801,0,0
36047079802,0,0
36047105801,0,0
36047016300,0,0
36047016400,0,0
36047016500,0,0
36047016700,0,0
36047017100,0,0
36047017200,0,0
36047017400,0,0
36047017500,0,0
36047017600,0,0
36047017700,0,0
36047017900,0,0
36047018100,0,0
36047018200,0,0
36047018300,0,0
36047018400,0,0
36047018501,0,0
36047018600,0,0
36047018700,0,0
36047087000,0,0
36047087200,0,0
36047087800,0,0
36047088000,0,0
36047088200,0,0
36047088400,0,0
36047088600,0,0
36047088800,0,0
36047089000,0,0
36047089400,0,0
36047090200,0,0
36047090600,0,0
36047090800,0,0
36047091000,0,0
36047091200,0,0
36047092800,0,0
36047068000,0,0
36047068600,0,0
36047068800,0,0
36047069000,0,0
36047069200,0,0
36047070202,0,0
36047070203,0,0
36047072000,0,0
36047072400,0,0
36047072800,0,0
36047073000,0,0
36047073600,0,0
36047073800,0,0
36047074000,0,0
36081068200,0,0
36081068300,0,0
36081070300,0,0
36081070700,0,0
36081071600,0,0
36081072100,0,0
36081073100,0,0
36081019400,0,0
36081019900,0,0
36081020500,0,0
36081026901,0,0
36081042400,0,0
36081062200,0,0
36081067100,0,0
36081095400,0,0
36081099802,0,0
36081990100,0,0
36081073700,0,0
36081074100,0,0
36081074300,0,0
36081074500,0,0
36081076902,0,0
36081077300,0,0
36081062100,0,0
36081077500,0,0
36081077902,0,0
36081077904,0,0
36081077905,0,0
36081078800,0,0
36081079300,0,0
36081044400,0,0
36081053100,0,0
36081006201,0,0
36081006202,0,0
36081006501,0,0
36081015801,0,0
36081018101,0,0
36081018102,0,0
36081018501,0,0
36081018502,0,0
36081026902,0,0
36081008600,0,0
36081009100,0,0
36081009500,0,0
36081009600,0,0
36081009700,0,0
36081009900,0,0
36081010000,0,0
36081010300,0,0
36081010500,0,0
36081010600,0,0
36081010701,0,0
36081080900,0,0
36081081800,0,0
36081084602,0,0
36081085500,0,0
36081086300,0,0
36081086400,0,0
36081038302,0,0
36081061302,0,0
36081071303,0,0
36081071305,0,0
36081071701,0,0
36081071702,0,0
36081075701,0,0
36081077906,0,0
36081077907,0,0
36081077908,0,0
36081093401,0,0
36081011400,0,0
36081011500,0,0
36081011600,0,0
36081011900,0,0
36081012100,0,0
36081012400,0,0
36081012601,0,0
36081012602,0,0
36081012800,0,0
36081013000,0,0
36081013600,0,0
36081014100,0,0
36081090700,0,0
36081091602,0,0
36081091800,0,0
36081093800,0,0
36081093402,0,0
36081038301,0,0
36081097203,0,0
36081097204,0,0
36081099704,0,0
36081099705,0,0
36081099801,0,0
36081014300,0,0
36081014900,0,0
36081015100,0,0
36081015200,0,0
36081015600,0,0
36081015700,0,0
36081016300,0,0
36081016400,0,0
36081016600,0,0
36081016900,0,0
36081017000,0,0
36081047000,0,0
36081048100,0,0
36081048400,0,0
36081017100,0,0
36081027200,0,0
36081027300,0,0
36081027500,0,0
36081027700,0,0
36081027800,0,0
36081027900,0,0
36081028000,0,0
36081028200,0,0
36081028500,0,0
36081028700,0,0
36081048900,0,0
36081049200,0,0
36081049500,0,0
36081049600,0,0
36081050201,0,0
36081050202,0,0
36081050400,0,0
36081050500,0,0
36081050800,0,0
36081051000,0,0
36081051200,0,0
36081028900,0,0
36081029300,0,0
36081029500,0,0
36081029900,0,0
36081030902,0,0
36081033100,0,0
36081033402,0,0
36081033700,0,0
36081033900,0,0
36081051500,0,0
36081051600,0,0
36081051800,0,0
36081052000,0,0
36081052100,0,0
36081052200,0,0
36081052600,0,0
36081052800,0,0
36081053200,0,0
36081053401,0,0
36081053500,0,0
36081053800,0,0
36081053900,0,0
36081054200,0,0
36081054500,0,0
36081054700,0,0
36081035100,0,0
36081035300,0,0
36081036300,0,0
36081037100,0,0
36081037700,0,0
36081038400,0,0
36081039400,0,0
36081039800,0,0
36081054800,0,0
36081054900,0,0
36081055100,0,0
36081055200,0,0
36081055300,0,0
36081055400,0,0
36081055500,0,0
36081055600,0,0
36081055700,0,0
36081055800,0,0
36081055900,0,0
36081056000,0,0
36081056100,0,0
36081056400,0,0
36081056600,0,0
36081056700,0,0
36081057700,0,0
36081057900,0,0
36081040000,0,0
36081040400,0,0
36081042600,0,0
36081043200,0,0
36081043400,0,0
36081058100,0,0
36081058300,0,0
36081058500,0,0
36081058700,0,0
36081059000,0,0
36081059100,0,0
36081059200,0,0
36081059400,0,0
36081059500,0,0
36081059600,0,0
36081059800,0,0
36081059900,0,0
36081060000,0,0
36081060100,0,0
36081060300,0,0
36081060600,0,0
36081060701,0,0
36081060800,0,0
36081061000,0,0
36081044602,0,0
36081044800,0,0
36081045000,0,0
36081045200,0,0
36081045500,0,0
36081046000,0,0
36081046100,0,0
36081046400,0,0
36081061200,0,0
36081061400,0,0
36081061601,0,0
36081061602,0,0
36081061800,0,0
36081061900,0,0
36081062000,0,0
36081062300,0,0
36081062400,0,0
36081062500,0,0
36081062700,0,0
36081062900,0,0
36081063000,0,0
36081063200,0,0
36081063301,0,0
36081063302,0,0
36081063500,0,0
36081017200,0,0
36081017400,0,0
36081017800,0,0
36081017900,0,0
36081018300,0,0
36081018401,0,0
36081018402,0,0
36081018600,0,0
36081018700,0,0
36081018900,0,0
36081099200,0,0
36081099900,0,0
36081101001,0,0
36081109700,0,0
36081021200,0,0
36081021400,0,0
36081021600,0,0
36081021900,0,0
36081022900,0,0
36081023000,0,0
36081023500,0,0
36081023600,0,0
36081024000,0,0
36081024600,0,0
36081112300,0,0
36081113900,0,0
36081117100,0,0
36081024900,0,0
36081025100,0,0
36081025500,0,0
36081025800,0,0
36081025900,0,0
36081026000,0,0
36081045600,0,0
36081000200,0,0
36081000600,0,0
36081000400,0,0
36081001000,0,0
36081001600,0,0
36081001800,0,0
36081119500,0,0
36081119900,0,0
36081120100,0,0
36081121100,0,0
36081155101,0,0
36081128300,0,0
36081001900,0,0
36081002000,0,0
36081002200,0,0
36081002400,0,0
36081002500,0,0
36081003000,0,0
36081003100,0,0
36081003200,0,0
36081003400,0,0
36081003700,0,0
36081003800,0,0
36081004001,0,0
36081004002,0,0
36081004300,0,0
36081004401,0,0
36081004500,0,0
36081004700,0,0
36081130100,0,0
36081133900,0,0
36081134100,0,0
36081138502,0,0
36081139900,0,0
36081140300,0,0
36081140901,0,0
36081005000,0,0
36081005300,0,0
36081005400,0,0
36081005500,0,0
36081005800,0,0
36081063700,0,0
36081063900,0,0
36081064101,0,0
36081145101,0,0
36081156700,0,0
36081064102,0,0
36081064500,0,0
36081064600,0,0
36081065000,0,0
36081065501,0,0
36081065702,0,0
36081066000,0,0
36081066100,0,0
36081066300,0,0
36081066501,0,0
36081066900,0,0
36081067700,0,0
36081067900,0,0
36081161700,0,0
36081162100,0,0
36081097202,0,0
36081076901,0,0
36081107202,0,0
36081012500,0,0
36081061301,0,0
36081072300,0,0
36081008500,0,0
36005023301,0,0
36005019400,0,0
36005005001,0,0
36005005002,0,0
36005005300,0,0
36005023000,0,0
36005008900,0,0
36005021601,0,0
36005003800,0,0
36005025300,0,0
36005017300,0,0
36005004300,0,0
36005006800,0,0
36005011900,0,0
36005008400,0,0
36005013500,0,0
36005020601,0,0
36005022401,0,0
36005023100,0,0
36005003900,0,0
36005020200,0,0
36005023302,0,0
36005006900,0,0
36005012101,0,0
36005021900,0,0
36005012701,0,0
36005000100,0,0
36005034200,0,0
36005011000,0,0
36005033400,0,0
36005024100,0,0
36005038200,0,0
36005004100,0,0
36005039400,0,0
36005041500,0,0
36005003100,0,0
36005003500,0,0
36005012102,0,0
36005021100,0,0
36005023200,0,0
36005022404,0,0
36005026602,0,0
36005022701,0,0
36005038900,0,0
36005013800,0,0
36005002400,0,0
36005007400,0,0
36005040100,0,0
36005016300,0,0
36005023900,0,0
36005039902,0,0
36005023600,0,0
36005024600,0,0
36005028700,0,0
36005021301,0,0
36005042300,0,0
36005005902,0,0
36005025200,0,0
36005030701,0,0
36005038700,0,0
36005045102,0,0
36005025600,0,0
36005042901,0,0
36005029600,0,0
36005006700,0,0
36005027700,0,0
36005028800,0,0
36005031600,0,0
36005033800,0,0
36005031200,0,0
36005026900,0,0
36005022703,0,0
36005015800,0,0
36005045800,0,0
36005031900,0,0
36005042100,0,0
36005006000,0,0
36005013300,0,0
36005019500,0,0
36005006100,0,0
36005023502,0,0
36005011502,0,0
36005004800,0,0
36005002500,0,0
36005037900,0,0
36005016600,0,0
36005012500,0,0
36005016500,0,0
36005012300,0,0
36005005400,0,0
36005006200,0,0
36005006400,0,0
36005013000,0,0
36005036300,0,0
36005042902,0,0
36005030000,0,0
36005030100,0,0
36005045101,0,0
36005014900,0,0
36005019700,0,0
36005036400,0,0
36005036501,0,0
36005014400,0,0
36005034500,0,0
36005035900,0,0
36005017500,0,0
36005021602,0,0
36005022300,0,0
36005021200,0,0
36005026300,0,0
36005039901,0,0
36005018400,0,0
36005025400,0,0
36005016200,0,0
36005002702,0,0
36005022901,0,0
36005032400,0,0
36005020100,0,0
36005028400,0,0
36005004001,0,0
36005029500,0,0
36005024400,0,0
36005008600,0,0
36005028100,0,0
36005022902,0,0
36005039300,0,0
36005005600,0,0
36005036901,0,0
36005028500,0,0
36005039700,0,0
36005022702,0,0
36005041100,0,0
36005040701,0,0
36005026601,0,0
36005044901,0,0
36005040900,0,0
36005005200,0,0
36005031800,0,0
36005050400,0,0
36005042400,0,0
36005040304,0,0
36005017100,0,0
36005004400,0,0
36005023501,0,0
36005002800,0,0
36005002701,0,0
36005002300,0,0
36005015500,0,0
36005024900,0,0
36005003700,0,0
36005004600,0,0
36005016400,0,0
36005026100,0,0
36005014701,0,0
36005014702,0,0
36005017701,0,0
36005017901,0,0
36005017902,0,0
36005018101,0,0
36005018102,0,0
36005018301,0,0
36005018302,0,0
36005021001,0,0
36005021002,0,0
36005022101,0,0
36005022102,0,0
36005022403,0,0
36005023703,0,0
36005024501,0,0
36005024502,0,0
36005026701,0,0
36005029301,0,0
36005030900,0,0
36005033202,0,0
36005038301,0,0
36005038302,0,0
36005040501,0,0
36005020000,0,0
36005021700,0,0
36005023702,0,0
36005036000,0,0
36005039500,0,0
36005040302,0,0
36005043400,0,0
36005044400,0,0
36005004200,0,0
36005005100,0,0
36005009300,0,0
36005011700,0,0
36005015900,0,0
36005020900,0,0
36005022200,0,0
