d_trees,GEOID
2047.6469120537588,36085001700
1343.9947524859128,36085000600
1220.4162972680717,36085000700
0,36085001800
1079.7617512230338,36085000300
2236.285459912482,36085000800
2211.5952846275886,36085000900
2297.615458409468,36085002001
2409.161293324771,36085002002
2584.561711493985,36085013204
853.35427384720094,36085002100
1727.6369298895531,36085002700
988.0142618176715,36085002900
948.072177806542,36085001100
1097.5115364588692,36085003300
2107.3290085996746,36085003600
1190.4726933663171,36085003900
2393.517296001467,36085004000
1984.7300216457447,36085004700
3242.5237781599744,36085005000
1133.7783127120997,36085005900
2814.4768688935924,36085006400
1223.0336698919068,36085007000
1344.7899865814832,36085007400
2753.592820741907,36085007500
2886.5939621952152,36085007700
1344.6574118504236,36085008100
3004.595344029552,36085014605
3353.544341130979,36085009601
3224.3709004423818,36085009602
835.2377280152751,36085009700
1458.7853625103364,36085010500
1581.9911263823165,36085011201
1261.2543390620374,36085011202
1980.9710874067391,36085011401
3415.8792469734553,36085011402
3546.8183558575656,36085012100
4449.024473566932,36085012200
1855.8705263340698,36085012500
1755.2016062092202,36085012804
2299.96832399361,36085013201
2237.4663509167117,36085014606
230.7794735027408,36085013301
415.4840839209885,36085013302
3565.136611476317,36085013400
2673.855688270552,36085013800
1584.2505613619476,36085014100
2423.1162679456174,36085027704
4959.566337705057,36085020804
1534.6387665350812,36085014700
2718.2700536440175,36085015100
0,36085015400
3006.6556333777817,36085015601
4097.783089241454,36085015602
2474.376469018067,36085015603
1819.9047513067733,36085016901
5261.2268848168715,36085017010
2980.7035998020433,36085017300
2841.0098302427973,36085017600
1163.3293946326335,36085017700
1661.7061526904788,36085018701
2161.0912047882844,36085018702
2448.203948549417,36085018901
2648.01297454936,36085018902
3563.7210599565706,36085019700
2395.4862891358525,36085020100
823.0276074829004,36085020700
1933.3859319007827,36085030302
3629.6118219585824,36085020801
5452.238032467111,36085017008
3065.361697518016,36085020803
1307.24872257563,36085021300
265.3830988185952,36085022300
534.876330192256,36085022600
1026.6641646972116,36085023100
1806.1377645013215,36085023900
978.8026814465707,36085024700
1892.3460857501002,36085024800
2218.9896027381124,36085025100
577.5135075495623,36085027301
2138.9501635677443,36085027302
1428.5025886784542,36085030301
1592.0369422398176,36085027702
67.66845855202013,36085027900
3926.4607740799534,36085017005
145.62809492725754,36085029102
1308.1772288337131,36085031901
847.7472120914375,36085031902
74.46996751145649,36085032300
3147.6824971299625,36085013203
932.232720465813,36085017007
1911.365899215281,36085029104
1487.3267669651095,36085029103
3785.1850194820977,36085014604
4571.6476276014155,36085017009
18.388801576437693,36085022800
3030.8237848938597,36085024401
2763.186501488978,36085024402
3907.8964525611177,36085027705
2692.511598814707,36085027706
2560.6850823341542,36085006700
229.7928310545495,36085018100
1444.0417802158995,36085019800
969.4663092629954,36085012805
1234.6676185341253,36085012806
2982.2858406458163,36085014607
3931.51477232481,36085014608
5036.720800521525,36085017011
3277.8956170065785,36085017012
2434.5684949170195,36061027100
1078.110266254672,36061012900
4600.201190935016,36061014401
540.011561444527,36061009900
5087.463692931351,36061014601
3183.260410643915,36061015400
4860.564600095146,36061015801
4295.138600286879,36061015601
2930.0444697141857,36061029500
0,36061024000
1163.288263724889,36061001401
1122.2613882636676,36061021703
3069.5386397503503,36061015200
1952.7685884655439,36061022900
3874.814621127015,36061016100
1007.6232072837439,36061024700
2824.974765630793,36061016300
2872.9765253457676,36061020600
3562.0481400869944,36061016500
3379.1524250174853,36061018300
1401.5139739837864,36061018000
3979.0602637541924,36061016002
4428.653629936685,36061016700
3344.2205067376526,36061017500
598.0482977459293,36061024900
500.60485322364565,36061021900
1330.9839186573997,36061017000
4446.135349059673,36061016900
1735.3433769785036,36061023900
4654.187398314208,36061017100
4358.581479446107,36061018100
4598.893462750979,36061020102
2705.8334097104585,36061017402
655.182555026699,36061028700
1108.0483660981308,36061000201
1679.0836810928022,36061016400
1185.9197849310058,36061018200
2350.601222094758,36061022301
1291.1791556237126,36061018500
1180.8285086243754,36061021000
637.6809664897969,36061027700
3634.0728115196184,36061023502
4892.2229744231945,36061022102
757.3342427723002,36061019701
3700.6086727279653,36061019500
3074.030463175428,36061018900
3265.7471559905293,36061024100
4241.710878195706,36061019000
2396.0591516091495,36061020101
832.4216626519997,36061021400
2702.1416952815716,36061020800
2231.975491832606,36061018800
3027.1664478510525,36061023000
2586.5905838295807,36061026300
2008.795531386632,36061022400
2927.4432924027437,36061008700
1581.0934602790755,36061023700
2413.791329155991,36061024500
5004.166275447074,36061010601
1341.943646152068,36061022200
913.3648238901568,36061024302
1483.0766775062975,36061021200
2636.7424848146366,36061022500
3917.5363743576595,36061011401
2181.4580200867604,36061023200
989.7357024584671,36061009600
2226.241799062704,36061011203
1799.5573390476611,36061030300
1935.9834037256605,36061023300
559.6873001257992,36061022302
2554.243307724872,36061025300
2616.7039920166385,36061020901
332.5299293316748,36061023600
2805.92370698068,36061030900
1933.2515927563998,36061025100
804.3118542940509,36061025500
3565.922136389885,36061026700
2336.965113565454,36061028100
784.2276883519467,36061029100
30.12048440789326,36061029700
4218.690447262359,36061020701
691.4402606514296,36061028300
327.29567817083046,36061006200
191.94285365506718,36061002500
929.9033285129278,36061005800
3026.2414256166303,36061006000
3487.6437933326865,36061022600
4100.991950202469,36061009000
1616.1441168601389,36061002202
1295.3038463285948,36061011500
470.1903780347921,36061027500
1781.7036159682443,36061014700
1153.513876180214,36061015001
1106.5766575150053,36061015500
1801.9155149520345,36061020300
3388.0670546490837,36061019702
2631.3635148768585,36061010400
0,36061000500
4072.68605856499,36061003400
1940.0833777328833,36061003001
596.3011370750269,36061000202
3586.1870802918043,36061014900
781.6585174878383,36061000800
879.2368040723143,36061004100
952.3811589943197,36061001402
5177.023460571861,36061017300
2979.6340252321856,36061002601
1420.370478117364,36061019400
2561.6852804873593,36061024301
11.25458137872188,36061014300
652.3929652327749,36061001502
4165.840271855976,36061006600
1400.247389708481,36061011201
0,36061000100
663.5394248040535,36061028500
2802.4866384014504,36061003601
6451.830194147466,36061012200
3330.076369426866,36061007000
3150.2358146489473,36061019100
4451.337650793299,36061019300
3468.2845907828128,36061017401
536.966771302757,36061002400
1374.2367911088268,36061017800
2063.7620018698053,36061006800
2248.7161325801153,36061003200
4801.789719202761,36061007500
736.2555769936467,36061002700
1294.6659936393328,36061000700
446.299104206555,36061002900
1782.6667600622234,36061010200
2730.6708272183764,36061008000
3925.0964109960228,36061012100
855.0543185456143,36061000600
302.34949301517736,36061009200
773.1686755479124,36061001200
811.7084693360265,36061005501
1187.3989349699866,36061003002
604.8015251417299,36061003100
622.6231791369518,36061001300
2140.2579094524876,36061001800
4165.788853877803,36061017900
270.69183107440284,36061001002
1798.6583449393872,36061004700
2207.8458603599406,36061014500
4303.058054596737,36061004800
2664.3589723253885,36061002800
3723.2317113513914,36061005900
862.897383506477,36061005700
2909.9922035197974,36061003602
5148.6454809281395,36061013600
4357.68842472588,36061012600
0,36061031900
3137.665431885433,36061014402
2565.705424137079,36061003900
1225.251959443133,36061001501
2208.615105320396,36061004200
272.3494535185747,36061002201
3463.7385937487275,36061014802
344.20085543599305,36061008400
21.080205596202433,36061002000
153.8451563172998,36061001001
2620.5607537389255,36061004300
2972.06241527057,36061008100
784.9177479366939,36061005502
1170.1044090801402,36061010300
1962.388809692981,36061010000
1301.7375256813793,36061011100
3541.550511640874,36061022800
3322.2991545128007,36061006500
907.8160431303863,36061001600
3658.626973543322,36061009300
3916.087400415934,36061003800
3664.5994203467626,36061005000
3697.8834502547593,36061006400
1353.132159617162,36061008300
2154.029011798747,36061007900
3404.8783368073045,36061022000
320.8288683709206,36061004500
1820.9956739222152,36061027900
2912.2834300728136,36061023400
3053.589461392638,36061018700
1130.872058652447,36061002100
5735.031013969604,36061018400
861.9599881100537,36061007600
1446.0187012179204,36061016200
3346.006468154806,36061030700
2657.047214580774,36061006100
632.5664629676683,36061009500
5070.475613754034,36061002602
2608.728317763028,36061006900
3786.471407647769,36061008800
3610.307968851223,36061007100
1649.0741906459468,36061023501
3477.5915503018928,36061007200
613.7136894365881,36061003300
5012.085039295578,36061015002
5029.578309286264,36061007300
309.8801981259084,36061010100
280.0137948990391,36061010900
3136.897716816262,36061004000
3441.8013615358163,36061027300
2578.6542814134773,36061009700
4258.28200778115,36061006700
2286.1450086633868,36061004900
1893.4253180702922,36061018600
4402.75671444579,36061009800
2180.412108357826,36061019900
2283.504250752475,36061008200
953.6596229585489,36061005200
596.6935680376234,36061005600
1344.0462839317129,36061016600
377.3928559542891,36061000900
2221.7736880829852,36061026100
4181.738649488612,36061013800
5801.318316267535,36061017700
1947.4608626241093,36061011600
401.07042873802055,36061011700
4051.3150301974924,36061008900
4113.4570553272,36061006300
3736.025273430422,36061007800
1564.0370772664362,36061019600
2080.0183391786213,36061026900
1544.6555197029948,36061014801
5055.672596962648,36061012800
4586.023122199451,36061011800
3360.840593597887,36061021800
1220.4748732919718,36061021100
1804.183024209419,36061005400
5792.95891835248,36061012000
977.9021438829162,36061013500
1078.8265142870644,36061013700
3125.108690176676,36061012400
4345.776768885797,36061012700
4260.174931759765,36061013400
2784.590475588674,36061020000
5397.452855332425,36061014200
1822.1367508584653,36061009100
898.6331863149159,36061009400
3828.6385877311945,36061011000
2437.460351938824,36061010602
4627.370990425496,36061014000
4100.558293913662,36061010800
3377.3177772438567,36061007700
996.8153801213666,36061007400
520.2166732816092,36061012500
1859.2859179493266,36061011202
3283.511075226342,36061015900
1000.2192612904691,36061015602
4506.710659554492,36061014602
2305.606959534642,36061020500
1004.9644669547176,36061029300
59.29805801153637,36061031100
1494.2559924175757,36061011402
2624.236394394035,36061013900
3342.3044486330427,36061013300
3318.6072905169203,36061015802
308.9383995045283,36061019200
1936.1606492476417,36061016800
117.95955048880735,36061011300
4665.648616674352,36061021600
7062.59045631135,36061013000
2492.8986865387515,36061019800
685.450878449589,36061011900
6123.667906281835,36061016001
3862.3505777250557,36061015700
1728.4956829635878,36061026500
6887.100177963422,36061015300
2991.117730399828,36061013200
2212.5469073808777,36061015100
1517.0457901383322,36061013100
1251.772776426416,36061017200
2043.4467564600836,36061021500
3379.8899530025574,36061025700
2738.426172364501,36061003700
686.6021214625783,36061024200
3980.988283405654,36061025900
351.856324797888,36061029900
1205.749468761531,36061008601
4141.526856975875,36061008603
4743.418735223227,36061022700
2112.544585959629,36061023100
125.88424612370936,36061023801
62.45593786568092,36061023802
2510.5973590162257,36061031703
3372.7340619244105,36061031704
1804.761675049505,36061004400
151.0644736113025,36061008602
2754.0187750657074,36061021303
2348.5215607696096,36047031500
2279.6994288175156,36047031701
2167.7967930432887,36047031702
3131.706785608826,36047031900
3106.1151667469867,36047032100
3262.794551679025,36047032300
3583.294251034935,36047032500
1779.018714714882,36047032600
3612.67190277553,36047032700
1490.5459886457627,36047032800
2881.1132621129973,36047032900
675.188638689843,36047033000
3835.9863009476467,36047033100
4072.5138237333304,36047033300
4028.0000246000764,36047033500
1599.25358829556,36047033600
6213.172177688191,36047033700
2049.1957342853457,36047033900
319.5207939241261,36047034000
1853.021189885609,36047034100
619.4568759224375,36047034200
1964.6651101907983,36047034300
1503.976550325815,36047034500
1482.3519901256952,36047034700
3316.662556703463,36047034900
158.311887400665,36047035000
2065.4869210579973,36047035100
3629.9748564604106,36047053400
5072.094267977115,36047053500
2381.8312311712366,36047053700
3008.1392271689474,36047053800
2759.1163013196956,36047053900
3176.4123265670214,36047054200
61.28346598849168,36047054300
3762.2105606644814,36047054400
3195.8196071386883,36047054500
2660.36914750514,36047054700
3573.550116982462,36047054800
1088.4822494402733,36047054900
2722.306764483138,36047055000
1744.6588040379647,36047055100
2425.154279589133,36047055200
2850.654400776455,36047055300
2355.9178582531295,36047055400
663.1640228220577,36047055500
1622.0937092758566,36047055600
1173.5475376378665,36047055700
2746.561277808402,36047055800
2887.8710871245767,36047056000
2653.4808722574558,36047056200
1912.771952231532,36047056300
3675.337766688998,36047056400
1343.445844505315,36047048600
3866.9737490945536,36047048800
141.35674675145583,36047048900
3708.4903956755074,36047049000
1822.529347571546,36047049100
2396.80011333061,36047049200
93.4866832263186,36047066600
4075.7015907128807,36047075800
3829.516205744835,36047000100
400.3570309131491,36047000200
3890.905182708358,36047000301
9411.573254166964,36047000700
1909.8686239825115,36047000900
1552.3541756514464,36047001100
1374.9692118963603,36047001300
65.40808170387095,36047001800
873.9185873771866,36047002000
953.4541518899508,36047002100
3045.075448288003,36047018800
1581.249368390598,36047019000
1988.2136967396202,36047019100
1323.7215510263368,36047019200
1421.125059199829,36047019300
3062.9303048722522,36047019400
5046.897835180605,36047019500
2915.856913053403,36047019600
4392.242731456649,36047019700
1826.4333531492905,36047019800
2508.9138069702817,36047019900
2400.6599694942033,36047020000
2097.0525845584098,36047020100
2593.2741644967355,36047020200
1691.7524910786317,36047020300
3247.0729679109413,36047020400
3275.785552734128,36047020500
3237.7799926101843,36047020600
4348.510458129615,36047020700
7680.548198354066,36047020800
3798.266308431508,36047021000
3053.70042375254,36047021200
2742.523051039515,36047021300
1171.9119598794744,36047021400
4157.173340775547,36047021500
2618.080035699101,36047021600
2683.5346914553375,36047021700
3101.6614291554547,36047021800
1720.1861874829879,36047093000
3671.687561792342,36047093400
1850.8845578562054,36047093600
1856.976018777783,36047093800
1989.9342311331395,36047094401
872.619025738132,36047094402
2916.408434206077,36047095000
3769.826812907196,36047095400
2834.376590322,36047095600
2221.1710300168716,36047095800
140.41927170973975,36047096000
1275.0105260626137,36047096200
1672.0686175318601,36047096400
1329.2193653259333,36047096600
2189.897255705552,36047096800
2091.631845567747,36047097000
1005.8178770830597,36047097400
277.24557361333035,36047098200
3764.913849644572,36047098400
3885.732569415307,36047098600
2846.83587770377,36047098800
1249.734377172582,36047099000
1443.1278953673032,36047099200
2262.9107031486433,36047099400
3454.3840192429643,36047099600
3310.370414412569,36047074600
2787.330854585773,36047074800
3061.623075440745,36047075000
3140.369264917703,36047075200
4509.343482797815,36047075400
4611.457870908059,36047075600
3708.510796005941,36047076000
2548.091518860492,36047076200
5561.819111089579,36047076400
5802.346512320643,36047076600
3219.956775515521,36047077000
1819.1856842849834,36047077200
1051.6677786454256,36047077400
1693.8655067591806,36047077600
3274.1888592741343,36047078000
2339.0808066195873,36047078200
2289.47071422279,36047078400
2058.9654040355617,36047078600
1252.8836082154287,36047078800
1670.1473853800514,36047079000
2019.9636085152922,36047079200
850.9672543347366,36047079400
3713.220767387345,36047080000
2278.9848851646684,36047080200
1351.2508489366644,36047080400
2398.4504818919822,36047080600
73.22679051145195,36047035200
2636.048659759536,36047035300
881.4151181533475,36047035400
1796.4220968726447,36047035500
855.9970102590803,36047035700
2110.0024231622683,36047035900
436.22728274646397,36047036001
1715.9499697962692,36047036002
1420.9145949438093,36047036100
1362.3089423510378,36047036200
967.270785211261,36047036300
1789.813083944724,36047036400
1393.8643631108966,36047036501
881.2989581205345,36047036502
1515.103682677798,36047036600
1624.2362525271901,36047036700
868.149341045327,36047036900
2398.9643523178406,36047037000
2448.4654848065175,36047037100
2062.179078509133,36047037300
1337.3844254580636,36047037500
2491.831541697207,36047037700
2664.800791151211,36047056500
2717.873626323937,36047056600
4110.84039403102,36047056800
2250.743756004244,36047056900
2635.6769142291937,36047057000
3828.9425239888487,36047057100
584.6975446424042,36047057200
2907.881138322106,36047057300
3123.552541342525,36047057400
2931.9697637964628,36047057500
2923.0562004643984,36047057600
2105.2776592166397,36047057800
568.6690879338835,36047057900
1844.8548289797475,36047058000
1747.6640878406552,36047058200
1389.774825577055,36047058400
1964.9290106975882,36047058600
989.8528464358114,36047058800
835.0492717191152,36047058900
2026.4311038886935,36047059000
3123.502382589241,36047059100
2125.7970480136605,36047059200
2519.678347773299,36047059300
2906.380776350602,36047059401
3574.068507946233,36047059402
1302.5520697209586,36047002200
540.7563481350346,36047002300
724.3527142279476,36047002901
1966.3386793528423,36047003000
718.5978012019948,36047003100
3507.2756003038094,36047003300
1750.4683291329484,36047003400
4886.892433889039,36047003500
3865.6347955368046,36047003600
1174.3983500159004,36047003700
4370.5074945711685,36047003800
6469.897414446263,36047003900
5706.905407564176,36047004100
5825.475739885953,36047004300
5816.674834484714,36047004500
695.0770432304836,36047004700
759.6671154200775,36047060600
5523.6868196176465,36047004900
4403.357431439045,36047005000
3267.7106418147428,36047005100
2597.300264791197,36047005201
2318.307040533113,36047005202
2411.51432979753,36047005400
3557.9156449023767,36047021900
1826.382503302009,36047022000
2762.7733142428947,36047022100
2146.2639499415714,36047022200
1475.2443473361366,36047022400
845.7499252320821,36047022600
892.8821485436717,36047022700
2429.4638061420987,36047022800
2562.3800937640826,36047022900
2848.22757708592,36047023000
1868.400948980429,36047023100
3054.8931014056916,36047023200
2411.5349180106027,36047023300
2684.7991945033946,36047023400
1811.128794854016,36047023500
3308.9458643098137,36047023600
3826.6651340908415,36047023800
3173.574797805246,36047024000
632.3550468656837,36047024100
2746.2504777250742,36047024200
2047.1837602039634,36047024300
2752.1305432951913,36047024400
1878.2666063520578,36047024500
1558.059410084497,36047024600
1165.8404917036694,36047024700
2177.5997513856805,36047024800
2397.9164284424583,36047024900
2289.2773260588324,36047099800
2216.269918643481,36047100400
2247.4856737631453,36047100600
1704.6471020450413,36047100800
1632.5042375310265,36047101000
4752.724806861925,36047101200
4295.66833933182,36047101400
4354.363368554379,36047101600
2630.4380187679617,36047101800
4073.6365039540306,36047102000
3514.85814524179,36047102200
2931.545952278782,36047102400
4801.9534502785555,36047102600
516.0231819586334,36047102800
66.26223472823328,36047103400
27.614327745574858,36047107000
1247.6205964160667,36047107800
920.8339239867615,36047109800
439.1032859947945,36047110600
420.3631309436999,36047111000
1053.177535479708,36047111800
1646.7599849882472,36047112000
1516.1708147681427,36047112200
2839.7614440614598,36047112400
1530.8895604581344,36047081000
2130.7348859867743,36047081400
1355.2586425323166,36047081600
1344.8760868924676,36047081800
1108.9435109723588,36047114400
736.8568349592346,36047011900
2222.4336379560727,36047015200
3842.3252288346744,36047016600
1332.5113046308577,36047021100
900.5500144610788,36047048500
2048.383549255119,36047056100
5178.7024899120925,36047062000
354.0909339819983,36047080800
1883.1597982176324,36047092400
925.7997477361304,36047093200
1854.8906931272697,36047110400
813.755537812443,36047111600
878.481961336118,36047123700
3526.8874241937947,36047150200
4407.742421245833,36047004400
411.95524442909885,36047005300
2353.7569789760655,36047037900
2346.436827286401,36047038100
377.76205641040957,36047038200
2938.1419143374446,36047038300
2316.1617591509957,36047038500
1442.5097163492328,36047038600
2118.4771577698334,36047038700
1059.9034633729952,36047038800
1208.2887107898441,36047038900
3396.9084217547384,36047039000
2400.245571432277,36047039100
2833.1939457021745,36047039200
1529.796016866717,36047039300
3532.589282311373,36047039400
2383.722147071445,36047039500
2648.628188521601,36047039600
2538.5676770515756,36047039700
1467.9601488588075,36047039800
2380.4441570729887,36047039900
2792.3341424574933,36047040000
1866.140212317722,36047040100
1927.656073320565,36047040200
2020.018688968726,36047040300
2274.4989766145786,36047059600
4160.289938287222,36047059800
1198.490165875865,36047119000
2502.162438193375,36047060000
2167.2675004954867,36047060800
360.442204781972,36047062800
4533.633815387471,36047061200
1771.1763530564026,36047062200
2132.7850850850004,36047062600
2117.186172515419,36047063200
4168.54846552052,36047063600
3423.5479144595984,36047063800
3511.8702133650586,36047064000
3536.7598612495403,36047064200
4040.892356024328,36047064400
2924.0788034417506,36047064600
3794.6625671704414,36047064800
1371.109292135674,36047065000
3113.1190746286466,36047065200
3521.1438749121858,36047065400
3474.0840720230344,36047065600
2634.511787581198,36047065800
3502.860718927613,36047066000
1820.9879751652147,36047005601
1544.5320964911002,36047005602
2183.820457701021,36047005800
1282.8732017042946,36047005900
2823.7192462139146,36047006000
2649.4626598523632,36047006200
3234.296523736316,36047006300
2256.3203294116265,36047006400
3880.9621331469566,36047006500
2661.7454569685974,36047006600
5872.00120738153,36047006700
2638.745407183933,36047006800
6305.691684974701,36047006900
1565.1351186137053,36047007000
5426.344387291873,36047007100
1417.8846069301355,36047007200
2055.293320762671,36047007400
4139.85192362406,36047007500
2950.441568570472,36047007600
3698.3570350643845,36047007700
3094.157739744127,36047007800
3365.805232115212,36047008000
2421.97818094902,36047008200
720.0801177439436,36047008400
648.9565912541689,36047008500
1179.2578560580955,36047025000
1627.0642875900123,36047025100
2971.8298948646598,36047025200
1664.3941495288698,36047025300
1859.5514051897896,36047025400
653.8681292125011,36047025500
2182.243914752014,36047025600
1429.9870297210414,36047025700
3103.9277046450916,36047025800
1549.406258587603,36047025901
478.06870802094636,36047025902
2592.1425851749964,36047026000
1519.5665316778518,36047026100
2559.4854070731762,36047026200
649.6356749822355,36047026300
2077.9494458775816,36047026400
2450.298307217802,36047026500
3575.1512807106974,36047026600
2775.6510622792043,36047026700
3835.002036739263,36047026800
2204.304934558677,36047026900
2899.1443606141956,36047027000
2567.4931171820895,36047027200
2958.500243768563,36047027300
2251.2629505124314,36047027400
2572.7530686568875,36047027500
2011.027262346554,36047027600
3626.778779593072,36047027700
2228.7794613545475,36047112600
2052.953599520443,36047112800
2710.500641368271,36047113000
2091.491315813356,36047113200
1283.0080452965597,36047113400
977.373872912495,36047114201
1746.8434349230438,36047114202
1552.9983578105387,36047114600
1112.940846893866,36047115000
1512.1891571215283,36047115200
1539.1300924367865,36047115600
2222.6494485157023,36047115800
3027.629610040453,36047116000
2473.560868237822,36047116200
2011.3206542679638,36047116400
1137.4324012199202,36047116600
1061.4985920905535,36047116800
976.6423065304402,36047117000
2366.42104419732,36047117201
1518.2167586577045,36047117202
1581.7917683123983,36047117400
2362.9553428733925,36047117601
1783.0896362041292,36047117602
997.1590591717536,36047117800
16.728773673736764,36047118000
4494.33058519041,36047012600
1355.2240236503276,36047027100
1397.459047747216,36047030500
870.1993543543591,36047034800
171.36864562095556,36047044900
4464.881102476276,36047046000
2458.8570980153218,36047076800
3364.223733506358,36047094600
341.59172677673456,36047105804
808.1627432264956,36047119800
4615.801637329672,36047152200
4887.592922250933,36047000501
6126.368784980854,36047000502
3925.974686953714,36047001500
5760.810307125516,36047035601
1941.3209112278532,36047035602
2170.538408487545,36047037401
1558.4790716903212,36047037402
1158.6230825320276,36047050801
1385.3807593894812,36047050803
2989.329342483134,36047050804
2558.303700240261,36047051001
1496.0736970113574,36047028200
1360.0662738825185,36047028300
946.0772532371682,36047028400
248.9164917934375,36047028501
259.2801239265835,36047028502
1488.087384221899,36047028600
1372.6875900481218,36047028700
1237.3002380897597,36047028800
1909.5238875240905,36047028900
1406.2295261360484,36047029000
2328.158810551811,36047029100
760.4609343582375,36047029200
3385.9005598663093,36047029300
758.4598949466841,36047029400
3462.0485212821295,36047029500
1475.7038753448664,36047029600
3275.877195115623,36047029700
1290.1405340958859,36047029800
2562.2852241236806,36047029900
2297.176466810361,36047030000
452.9091740332366,36047030100
1986.673101548506,36047030200
306.4043795052499,36047030300
1366.4454360404145,36047030400
1711.6948847170963,36047030600
692.2593344366219,36047030700
287.75216605112195,36047030800
1452.7431539828642,36047030900
2024.3116558872189,36047031100
2248.1486927779415,36047031300
671.4434341458665,36047031400
1685.5377255165204,36047040400
1333.1799985788527,36047040500
3434.5588884500085,36047040600
0,36047040700
3048.4343634597494,36047040800
1864.8287717239218,36047040900
2755.4850081669706,36047041000
2456.5324522058936,36047041100
1597.966767714238,36047041200
2858.846696561877,36047041300
2932.6533216784806,36047041401
4826.514705837537,36047041402
2610.802938176456,36047041500
3313.9609429813913,36047041600
2844.269728807324,36047041700
3798.5896326659185,36047041800
2454.351489604892,36047041900
3135.112598899274,36047049300
4993.920426016462,36047049400
2146.560303195541,36047049500
2130.979736994446,36047049600
2272.8506581302445,36047049700
2674.2888223265195,36047049800
3507.5110467059,36047049900
4044.608887325269,36047050000
2927.20656472213,36047050100
3511.737818457247,36047050202
1913.4327465681986,36047066200
2275.790442476095,36047067000
2702.9587025300707,36047042000
2465.425031596815,36047042100
3537.953189091931,36047042200
1662.9223199253402,36047042300
2155.2308496540973,36047042400
1990.6496193454363,36047042500
1401.587910932203,36047042600
1424.657120494386,36047042700
2170.0609387280556,36047042800
1355.5707534357339,36047042900
631.1993428369992,36047043000
1616.7365440326341,36047043100
1340.0827810492465,36047043200
1185.3524760434502,36047043300
2188.3192028978183,36047043400
446.6587487374836,36047043500
1826.826595352859,36047043600
2526.033163494647,36047043700
2655.242823863192,36047043800
1207.0080549585937,36047043900
4639.014531966453,36047044000
2392.525010739051,36047044100
3881.4957618986623,36047044200
3422.773669769185,36047044300
182.48494346757016,36047008600
1176.2190400480915,36047008800
854.6459359367454,36047009000
1944.4832648745398,36047009200
2692.40855002428,36047009400
3058.162025928194,36047009600
2658.503005126268,36047009800
2916.4534808127823,36047010000
920.4161524790587,36047010100
2786.1787154961094,36047010200
2397.6219164221748,36047010400
2608.299886890038,36047010600
1784.095055773451,36047010800
622.679805153557,36047011000
2872.5002172220024,36047011200
2855.584473154808,36047011400
2456.396529940547,36047011600
1764.4451848700571,36047011700
1110.511976328968,36047011800
2174.3063792213443,36047012000
2658.9999110151716,36047012100
1191.1312885171237,36047012200
4327.482060103578,36047012700
3378.863762055272,36047012801
4919.287168945015,36047012901
3607.9260963060456,36047012902
3053.4376571069183,36047013000
5100.950123788215,36047013100
3741.093744864008,36047050300
1715.584547400221,36047050400
2950.6340692894946,36047050500
3554.269002986329,36047050600
1497.9012018276123,36047050700
3434.0821223110165,36047050900
1335.686792808088,36047051100
1777.499655585782,36047051200
2127.3441407944065,36047051300
2088.2036294551376,36047051400
2594.981249008474,36047051500
1852.2829209166819,36047051700
5158.593394278265,36047051800
2839.540272333165,36047051900
5042.107207544514,36047052000
3353.7790820295854,36047052300
1796.9871187005483,36047052500
4558.071567212987,36047052600
2568.1286566040285,36047052700
5147.665725599571,36047052800
2843.322830911194,36047052900
2077.996430765011,36047053000
3542.7450245399823,36047053100
3343.274251341249,36047053200
4116.241729336963,36047053300
3353.558160563344,36047044400
2759.306039261919,36047044500
2436.1585352379575,36047044600
585.9738675688717,36047044700
1940.6733049857735,36047044800
2848.624413561381,36047045000
4601.2089128384205,36047045200
137.6963106356281,36047045300
2779.5545633281367,36047045400
3034.0880775852747,36047045600
4779.055180503124,36047045800
3936.055306943446,36047046201
3246.410691880068,36047046202
2757.212325982917,36047046400
985.1326903156576,36047046800
3547.087913978235,36047047000
4511.443009528942,36047047200
3711.0554706896583,36047047400
3175.328303116822,36047047600
1830.6559331214407,36047047700
2060.5665199369805,36047047800
5361.959244440438,36047048000
1609.1002624051098,36047048100
3215.1313815149124,36047048200
4197.0413941198285,36047048400
1942.0233759596365,36047013200
4813.714287043515,36047013300
2944.989869247687,36047013400
4911.663251189777,36047013500
3778.888240288462,36047013600
3227.861989590026,36047013700
3361.3493605308618,36047013800
4107.503732742099,36047013900
3925.9362563686586,36047014000
2425.9107697267787,36047014100
2300.761958776291,36047014200
1288.0850627681994,36047014300
1007.5239200712425,36047014500
2468.1547949324377,36047014700
2969.2303967140847,36047014800
3981.6910173680626,36047014900
2851.770080770458,36047015000
4648.765980671752,36047015100
4337.394682984697,36047015300
59.076242227666135,36047015400
4828.8045443273495,36047015500
5584.420752551509,36047015700
4295.219690391656,36047015900
1841.4797677188492,36047016000
5211.280123820898,36047016100
1458.1471498998308,36047016200
919.9660998914806,36047027800
1695.497324370632,36047027900
1222.8673458387982,36047028000
1391.4510794892265,36047028100
1185.194110682132,36047082000
945.3596505914358,36047082200
1957.5157429117905,36047082400
1639.1396763043545,36047082600
975.3258628946763,36047082800
1129.5117435307502,36047083000
2277.7205175109225,36047083200
1788.3979859854956,36047083400
2089.9243248825055,36047083600
1970.313175252392,36047083800
2208.3714009069754,36047084000
2519.55810708265,36047084600
1544.5485437493003,36047084800
3993.9032565949715,36047085000
0,36047085200
2695.6103808113667,36047085400
1763.1692562750286,36047085600
2309.1564454395725,36047085800
1889.21982671345,36047086000
1293.6311647034001,36047086200
3078.0431623353775,36047086400
2233.84729087613,36047086600
1142.34936034943,36047086800
2110.7394266718143,36047118201
2333.2366865277963,36047118202
1933.5349703752595,36047118400
1654.0983776222151,36047118600
787.2045775194563,36047118800
974.7414389887614,36047119200
1742.3401791956226,36047119400
878.7405992936642,36047119600
1428.109591943782,36047120000
927.0700479217837,36047120800
0,36047121000
350.0100279573664,36047121400
297.7325800294085,36047122000
3168.1865559676075,36047054600
558.4261713366468,36047120200
1995.4385240363151,36047072600
3736.1752369924043,36047004600
536.4755454320234,36047061002
1598.1689286331896,36047061600
1352.7023468191633,36047067200
1834.2632265576608,36047067400
2750.4302050705996,36047067600
3163.0595691667313,36047067800
2128.7610841457604,36047051002
2008.7305097449091,36047051601
1593.6036933169723,36047051602
488.1123096075951,36047061003
2293.38343676915,36047061004
2034.8924164035313,36047069601
1964.5989680287348,36047069602
2697.930971850318,36047079601
1208.7192788081902,36047079602
3614.9753756515206,36047079801
1996.5760180620557,36047079802
417.0663047844787,36047105801
2870.0671250096393,36047016300
22.742469288594037,36047016400
7334.006397137552,36047016500
6286.569034823346,36047016700
2413.6541902659237,36047016800
4179.336017711289,36047016900
1895.6125675790386,36047017000
4551.895596154686,36047017100
1519.0589682355442,36047017200
1862.4784872838284,36047017400
2.640962894363006,36047017500
2325.695513333997,36047017600
106.4848009919657,36047017700
679.0041525276662,36047017800
3408.3211938605614,36047017900
882.3686341085494,36047018000
2254.9216505580976,36047018100
1800.0418915251478,36047018200
1735.3267951802334,36047018300
2466.146903578254,36047018400
965.0193898025655,36047018501
2771.939807839832,36047018600
3074.4914147284853,36047018700
2029.178573206109,36047087000
3131.831185017716,36047087200
2201.3804698655745,36047087401
1529.815890613005,36047087600
1351.3128029704872,36047087800
1547.082870043611,36047088000
2421.9941091661526,36047088200
2480.54458045682,36047088400
2147.2222686706673,36047088600
2645.710309381371,36047088800
1866.2764713300987,36047089000
1384.4526281072008,36047089200
1534.0134442152319,36047089400
2763.369437213989,36047089600
2382.636178144815,36047089800
2424.1897891995795,36047090000
1549.4400025870405,36047090200
700.9575387997519,36047090600
1100.8559998216185,36047090800
439.67076770396125,36047091000
480.0935138827157,36047091200
2294.0303432468327,36047091600
2582.171619298173,36047091800
2147.2250242760265,36047092000
1451.169642015227,36047092200
1383.1596127948783,36047092800
1319.0790021431599,36047068000
1575.295773170284,36047068200
3727.340194380898,36047068600
1749.6266568153978,36047068800
1692.5702446759171,36047069000
3553.4662216752176,36047069200
947.4634792572346,36047069800
2732.462715465592,36047070000
4010.106577466956,36047070201
0,36047070202
0,36047070203
844.3989432328405,36047070600
2962.9038900325295,36047072000
2578.1086514927115,36047072200
3126.4339284667217,36047072400
3139.0369384198148,36047072800
3294.661335909512,36047073000
2751.888717458636,36047073200
2176.8132852009835,36047073400
2541.58635269527,36047073600
3428.056519917243,36047073800
1993.6788791704444,36047074000
2733.6979593958554,36047074200
3709.764104469452,36047074400
2397.2640193663487,36081068000
1832.5366818962375,36081068200
1464.9803644161173,36081068300
1798.817529380333,36081068700
2668.8288686143082,36081069000
1508.9574365209212,36081069300
1442.1444529692842,36081069400
2702.2503407842537,36081069500
1499.9755643780886,36081069701
3014.137964179556,36081069702
3788.777405219198,36081070300
6845.088206844439,36081070700
5734.270156552458,36081070900
1779.1164292691274,36081071100
3.6992935502603594,36081071600
3821.7524117295843,36081071900
4098.422981343275,36081072100
3766.9908657617852,36081072900
5279.746060086773,36081073100
3662.5178266547437,36081019400
192.1055351616726,36081019900
985.4685061320303,36081020500
2653.1855858573167,36081026901
1937.5188912393526,36081042400
2078.44270687992,36081062200
5030.620020485737,36081067100
5341.0277954609055,36081074900
2094.6124176932112,36081079702
627.3217363596744,36081095400
517.8197880850895,36081099802
3567.4333579864456,36081127700
0,36081990100
1257.3455103108463,36081025400
1346.6377995010198,36081030600
1911.756352471905,36081035700
712.629180518094,36081073700
4288.166354102931,36081073900
3781.9262288446603,36081074100
3681.3068021539166,36081074300
2541.817035969961,36081074500
2556.639965823444,36081074700
2976.458814407095,36081076902
2131.446402348876,36081077300
2653.1775882806287,36081088901
1574.8820859913562,36081062100
4667.512364726813,36081077500
3959.6311297936295,36081077902
2878.376516175681,36081077903
3395.1084292180194,36081077904
2703.6632955106966,36081077905
1974.5773131638573,36081078800
3396.167239785053,36081079000
2650.46930363865,36081079200
0,36081079300
2776.2339749930825,36081079900
2464.286226307674,36081080301
738.4532219561873,36081044400
2290.8365955416957,36081053100
1677.1903343442366,36081058200
2755.288091288674,36081108500
2330.8821403147713,36081109300
3428.081611375748,36081141700
2061.074966683632,36081006201
1136.581493604054,36081006202
3440.4182027974916,36081006501
2431.829633250464,36081006502
1504.103684296982,36081015801
1026.2586957722356,36081015802
3348.8746463970083,36081018101
6765.271052163808,36081018102
4600.492473264538,36081018501
3027.230610335202,36081018502
4471.659086590951,36081025301
1218.1849606287242,36081025302
1757.8408236220405,36081026902
3277.05281085058,36081030903
2627.3879420386343,36081030904
2525.8323755770566,36081008600
484.3775251917909,36081008700
2531.411570992107,36081008800
1756.5531990779232,36081009100
2564.7000170129704,36081009400
3762.7858778635577,36081009500
3713.0707649098226,36081009600
2913.357132099226,36081009700
1907.9162100367723,36081009800
900.7917726771566,36081009900
3501.9800521907605,36081010000
3703.0165348553764,36081010100
3572.6388943905145,36081010200
2759.8805320573397,36081010300
2736.1705907921564,36081010400
3271.423730307059,36081010500
2260.5335157265713,36081010600
67.41272322681891,36081010701
2202.0915702937173,36081010800
1961.587069727481,36081011000
2646.052452073545,36081011100
3727.7329998800265,36081080302
2007.7276250648574,36081080900
4302.858601749826,36081081400
4157.0714167761635,36081081800
2283.906161986289,36081083700
4700.183690948432,36081083800
4181.514506694062,36081084000
3260.9727058646345,36081084500
6186.825281893408,36081084601
585.4324211101698,36081084602
2361.4597615731354,36081085300
2123.493028142504,36081085500
2013.042319915716,36081085700
3206.0578203388586,36081085900
2767.7599298733508,36081086100
1006.1420570972267,36081086300
589.2417190736784,36081086400
2841.610664888584,36081086500
994.2291269050784,36081087100
1657.4425980303272,36081088400
19.67964839463338,36081038302
1871.520724116221,36081043701
2199.6111201178232,36081043702
2139.7305006498636,36081044301
2282.7978679999014,36081044302
0,36081061302
2633.510834666714,36081071303
1979.8788312260017,36081071304
2873.8543915486066,36081071305
2470.6956277886675,36081071306
2346.5314901154184,36081071701
2026.825001067959,36081071702
3243.162136672055,36081075701
4691.235604530372,36081075702
2758.816940122998,36081077906
3132.9319009322817,36081077907
1863.8042621915847,36081077908
884.1933488613062,36081079701
3043.320535349733,36081093401
2242.0467972356137,36081011200
3087.5304411645448,36081011300
1854.1600744359625,36081011400
2791.5844350996094,36081011500
2910.927927854262,36081011600
2225.975247981672,36081011700
2194.2386808697242,36081011800
2997.076383333961,36081011900
1514.9654990524782,36081012000
3005.0651177736145,36081012100
1631.9059956070416,36081012200
2023.9074436196545,36081012301
2043.7417512841407,36081012400
2446.8919629767443,36081012601
2975.4302981196547,36081012602
3788.0334773643635,36081012800
4456.590669466177,36081013000
3863.0770921583453,36081013200
2618.0055354653337,36081013400
3795.5000817899086,36081013500
3054.6183840360636,36081013600
2491.7716010841727,36081013700
2796.2027061055705,36081013800
3157.169386549137,36081014000
972.4033470301947,36081014100
1988.006791278213,36081089200
555.5629595004186,36081090700
27.238419026200056,36081091601
0,36081091602
2.316333587589357,36081091800
2222.478311583259,36081091900
4697.692890621039,36081092200
2154.4802489063804,36081092500
3807.362970858417,36081092800
1327.4114479491493,36081092900
230.44940957159713,36081093800
2019.3553001113412,36081093900
482.0104185325815,36081094201
461.1299617999052,36081094202
578.9726198479324,36081094203
1958.7634534298968,36081094500
1863.4374995108599,36081094700
1849.683901357539,36081093402
217.52298317130493,36081038301
169.21243939841588,36081097203
905.572528242819,36081097204
2337.0256835030777,36081099703
1942.3166649901748,36081099704
762.4407890811005,36081099705
750.8787855186298,36081099801
1733.5350272385701,36081100801
1435.4969654095164,36081100802
2032.7327324500977,36081129103
2454.2130379233577,36081129104
1888.4973133515566,36081014201
756.6517032839279,36081014202
1574.0895183837715,36081014300
1420.4721803799732,36081014400
1317.9611261608188,36081014500
1680.5667027504792,36081014700
2638.213171595222,36081014800
1507.0219962300494,36081014900
2587.9386775182265,36081015000
2271.05599025977,36081015100
1445.399569964277,36081015200
1876.072962829651,36081015300
1348.6777524760787,36081015400
1350.307951400229,36081015500
1444.1756467292244,36081015600
967.7361841056373,36081015700
1969.0530409716657,36081015900
1659.3908746506963,36081016100
2575.5151047582335,36081016300
1049.9529849069436,36081016400
2151.7719029710765,36081016600
2951.8719030339016,36081016800
4735.537962158561,36081016900
1326.572395940545,36081017000
750.6615700447827,36081096400
3205.38385246764,36081097300
5646.2803516507865,36081098100
1558.5987310745675,36081047000
3653.2686887820405,36081047100
978.3987369688075,36081047200
2824.941905983631,36081047300
4518.398777504239,36081047500
1423.4279906617794,36081047600
2113.3579551707817,36081047800
2747.7291246818204,36081047900
1810.9295383983463,36081048000
1768.6222515110694,36081048100
2254.9800437475737,36081048200
2068.3526304103266,36081048300
2069.3280611743758,36081048400
1851.954323353039,36081048500
221.0329328510929,36081017100
2300.3959607359643,36081026400
1069.288467231308,36081026500
2590.050158709638,36081026600
2340.069364141611,36081026700
1985.269615956942,36081027000
1939.8599585574366,36081027100
3588.4665840476882,36081027200
2124.1016315770385,36081027300
5226.015651861374,36081027400
3966.1104520469376,36081027500
1290.7809168881358,36081027600
4324.250528174413,36081027700
1658.650902898339,36081027800
6140.370358872122,36081027900
1886.699541758756,36081028000
5641.908342767248,36081028100
1088.5128701413128,36081028200
5625.487754191695,36081028300
2061.396973456382,36081028400
4029.9446342691076,36081028500
3276.6667260899935,36081028700
1494.7042811960976,36081048900
1641.2482762734599,36081049200
2319.5877910680333,36081049301
2127.0928721755936,36081049302
3275.0988002341123,36081049500
2456.1061290900375,36081049600
1410.57000508111,36081049700
1812.5480720125122,36081049900
1231.7169477202854,36081050000
1156.0745391779524,36081050201
2304.4348707082045,36081050202
2073.825294434836,36081050400
3633.14236466954,36081050500
1544.413783983771,36081050600
3554.0113114473775,36081050700
2241.5956710972764,36081050800
2507.4919180332804,36081051000
1500.456215488046,36081051100
2991.1519258941853,36081051200
401.4738571084112,36081051300
2958.8783701537554,36081028800
3279.048815841764,36081028900
3381.756414083537,36081029100
1889.7410643561304,36081029300
2945.0721915777735,36081029500
1217.9582978765711,36081029700
150.4784188370076,36081029900
3927.5520890473813,36081030902
3533.3569865537356,36081031700
1376.717187299767,36081032000
4257.940094788803,36081032700
1818.2645553147315,36081032800
2835.853700892435,36081032900
3940.2053746173424,36081033000
0,36081033100
1903.0989163338459,36081033401
2262.6801647906605,36081033402
3382.6780334478194,36081033700
3451.276479413596,36081033900
2610.10925022353,36081051500
1348.9671960859635,36081051600
3221.8350399600745,36081051700
1067.5847341108242,36081051800
977.57025437685,36081052000
2419.720963322273,36081052100
808.2275166154946,36081052200
2231.123154445371,36081052400
2397.086284813987,36081052500
2146.8362629729772,36081052600
2153.5931060311846,36081052800
1339.1126026318464,36081053000
1269.0389894039515,36081053200
1356.087481311546,36081053401
671.7046689739848,36081053500
1682.5615316469946,36081053601
1286.3077592313698,36081053800
2167.899871637718,36081053900
1152.7088042953058,36081054000
2630.114647640373,36081054200
3397.6734931194233,36081054500
4400.755919311824,36081054700
2459.004437570384,36081034700
6826.457211989442,36081035100
1773.0240126383287,36081035200
3322.813155411497,36081035300
1647.8792454326378,36081035800
1612.8508390841964,36081036100
3974.334735527882,36081036300
3350.3465585348545,36081036500
1038.830505930274,36081036600
808.4705019387455,36081036700
1170.8773214545006,36081036800
1122.6969952035986,36081037100
1716.521178724298,36081037300
2236.326538790425,36081037500
1402.8080496331868,36081037600
2522.631298044458,36081037700
1608.3188397920694,36081037900
2525.3023692442675,36081038100
1689.3218264684142,36081038400
1723.2704420501527,36081039400
1980.9728901338428,36081039800
2044.5010533744032,36081054800
4024.3172999803523,36081054900
3839.874018487132,36081055100
3456.8241376467317,36081055200
2400.371682029182,36081055300
1867.6922083731638,36081055400
2085.8535173826353,36081055500
2910.6983868590155,36081055600
3634.4565937968628,36081055700
3936.55488264466,36081055800
1014.961268011957,36081055900
4178.289336544824,36081056000
16.547066533900892,36081056100
3627.294394290517,36081056200
1855.356594772411,36081056400
1190.4427867160803,36081056500
3121.2831161859185,36081056600
5463.785444826688,36081056700
1572.1983641977704,36081056800
3934.1668115111265,36081057700
5570.391470853832,36081057900
1369.669169527993,36081039900
2220.5400924285077,36081040000
1111.7954678354367,36081040100
2360.86166737346,36081040200
1269.4529745363861,36081040300
1677.3503152975843,36081040400
862.9795628560153,36081040500
1360.1121577246217,36081040700
1761.3234864546123,36081040900
3706.7354916034187,36081041100
3006.673788927228,36081041300
909.9890330808742,36081041400
2954.5237218924276,36081041500
2770.5906551791295,36081101002
460.1725931748996,36081042600
4187.306648278387,36081042700
1004.3422778585904,36081043200
2598.0798457734063,36081043400
2408.4605712310595,36081043900
669.7540483809844,36081044000
2925.3194448550953,36081044601
1173.3238343959492,36081058000
4110.946981218564,36081058100
6297.890663979385,36081058300
4478.988582041965,36081058500
5142.992960584254,36081058700
3275.240651464363,36081058900
1763.6814806857817,36081059000
3512.1401915691995,36081059100
1658.8112959529903,36081059200
2978.8372927125806,36081059300
3079.351397032197,36081059400
3081.412165623252,36081059500
3008.6611506350728,36081059600
1956.8662591766222,36081059800
3322.0372749479693,36081059900
2887.239859899965,36081060000
2649.8947839171096,36081060100
1542.277269605832,36081060300
2766.8973997602156,36081060600
21.808832489097274,36081060701
2253.790160620456,36081060800
2259.6149896821944,36081061000
1672.2573923123166,36081044602
2739.227899241731,36081044800
2358.3532981184153,36081045000
2384.6978642955214,36081045200
1852.6094861122483,36081045400
1130.9549863516684,36081045500
1642.1788945968833,36081066400
3011.273527615585,36081045700
3024.4965049240677,36081045800
3519.265449518324,36081045900
2247.3910201086214,36081046000
3604.3661938743076,36081046100
1095.5860499448736,36081046200
2634.668255610723,36081046300
4116.962352943072,36081046400
2255.531293600531,36081046500
1637.0598518832164,36081046600
3538.031518580121,36081046700
1252.0561057030995,36081046800
2772.5825536205534,36081061200
2496.4164124244094,36081061400
2851.9447730357724,36081061601
1421.8739953306263,36081061602
2713.892188642413,36081061800
2020.0494101665583,36081061900
2367.197194149382,36081062000
1039.3484382255579,36081103201
4466.9343982441405,36081062300
135.68267084746932,36081062400
4768.7898624253385,36081062500
1837.476394114287,36081062600
6552.905786920592,36081062700
4094.0829096567477,36081062900
1869.6239823820194,36081063000
1921.2370053355814,36081063200
5505.534394421382,36081063301
5758.5519393219,36081063302
3959.466630990574,36081063500
2105.6055273488314,36081098700
3687.4998063835624,36081099100
4567.973023635591,36081046900
1492.4285210719859,36081017200
2206.4575338969344,36081017400
1607.048063094394,36081017600
2187.8167444784226,36081017800
990.6063646021913,36081017900
1743.4092433300757,36081018000
1414.5527935134312,36081018200
5501.129471571305,36081018300
3223.155345424187,36081018401
1474.1364177250416,36081018402
2842.37793099114,36081018600
3329.464422337929,36081018700
2838.919063321006,36081018800
2177.0931692213553,36081018900
3413.789357826565,36081019000
3303.8399621527324,36081019200
3578.845863509427,36081019600
3874.3124348104197,36081019800
3446.3267630897103,36081020200
2228.7320218963387,36081020400
1282.5153585270816,36081020600
1061.6160193968446,36081099200
2001.938863262797,36081099701
21.17249386178148,36081099900
1347.9018711312617,36081101001
3068.366905249057,36081101700
3670.5819822393087,36081102900
1398.2415510729347,36081103202
2988.359498961205,36081155102
3123.984107721592,36081103300
3034.213956081676,36081103900
3665.4710243638133,36081104700
4050.847604229661,36081105900
865.2400460861999,36081107201
3455.920812413405,36081109700
3865.9074046244937,36081109900
752.1045345330618,36081020800
1637.2704520699335,36081021200
1669.6320779684202,36081021400
791.3020091327727,36081021600
521.8774381666449,36081021900
3644.632640564322,36081022001
3508.18612421549,36081022002
205.02422836421707,36081022900
3376.1500072994622,36081023000
1364.155079127946,36081023200
3128.519901165451,36081023500
2204.926335702878,36081023600
2097.083883244212,36081023800
3918.304285988465,36081024000
3322.5987301587497,36081024300
3509.13309687112,36081024500
972.8294675918889,36081024600
2358.549606040774,36081024700
2303.1599802816913,36081111300
2782.2106948653723,36081112300
4664.30524611949,36081112900
4265.863743008489,36081113300
5880.449774542256,36081113900
4727.851225437078,36081114100
4408.491880565069,36081114700
4242.772278796139,36081115100
3939.8629458852124,36081115500
3184.372493166804,36081115700
2901.245712061993,36081115900
2337.0216188104605,36081116100
1337.175516798479,36081116300
2728.6302115394105,36081116700
2789.862905352335,36081117100
2780.4245648436868,36081117500
2706.4149119356734,36081118100
2737.8102949412378,36081118500
3292.222869820212,36081118700
3238.2788423057937,36081118900
2427.185785370702,36081119100
3975.2934478476086,36081119300
4226.368802175403,36081024900
3026.5373902195433,36081025100
3288.071249551506,36081025500
2094.971935510437,36081025700
805.6440372277452,36081025800
1730.0561962324662,36081025900
2802.332199360946,36081026000
2366.443337161332,36081026100
2402.2600066304863,36081026200
1733.8966882564828,36081026300
3985.1798181288464,36081045600
2394.929855411068,36081000200
1943.636047266532,36081000700
2175.5650772133217,36081000600
456.1241973440987,36081000100
1932.7320746897512,36081000400
3465.615189108774,36081000800
2585.8831317338936,36081001000
4914.140002563558,36081001200
3617.662776077619,36081001400
4410.640598057174,36081001600
4110.887163854642,36081001800
4267.477606951439,36081119500
3512.1751430338613,36081119900
4420.188268691615,36081120100
4827.796172977401,36081120300
3778.0104983665187,36081120500
2012.493528012021,36081120700
136.20981362929817,36081121100
2402.8838947517916,36081121500
4737.8051527307025,36081122300
2646.3386370248577,36081122701
1671.7763181905177,36081122702
4158.685137777101,36081124100
4954.559773462445,36081124700
3870.617582192085,36081125700
2509.9064859343894,36081126500
235.6602865982011,36081155101
28.816277804116034,36081128300
3088.7556768912464,36081129102
642.6772367370692,36081001900
5045.924352403245,36081002000
2032.11570142595,36081002200
2190.782886220435,36081002400
1732.0891144818302,36081002500
3271.780423300631,36081002600
1348.765909358827,36081002800
6052.5231923573265,36081003000
1287.4506162513035,36081003100
3099.993408814673,36081003200
2106.0396210653253,36081003400
2359.6833365332664,36081003600
190.69236755945758,36081003700
3321.9158175860643,36081003800
1409.7999343449026,36081003900
2674.3138558024416,36081004001
2025.9630605022044,36081004002
2599.205349106506,36081004200
621.6731553144446,36081004300
3093.758641535541,36081004401
2080.2232982304968,36081004500
1387.1156493806861,36081004700
3998.275620021781,36081130100
4089.595985846883,36081133300
2461.609229546066,36081133900
4549.338104117097,36081134100
1713.7814639552535,36081134700
3598.105170615905,36081136700
2829.3351879365614,36081137700
2369.1269677851305,36081138501
69.58495356264092,36081138502
3850.087988571428,36081139900
4083.8023034481816,36081140300
2964.450380384495,36081140901
4162.126577530011,36081140902
4008.1497208406563,36081142900
4566.364962387482,36081143500
5014.932427253238,36081144100
5069.9529966175405,36081144700
0,36081005000
1378.8287499183039,36081005100
2855.581359992974,36081005200
1977.124528947291,36081005300
5010.66547947526,36081005400
1045.6226962326577,36081005500
3394.3661413436853,36081005700
4023.5854876659396,36081005800
2124.1716581342957,36081005900
2483.0560248566794,36081006100
2693.5421409651267,36081006300
1178.0945232463944,36081006900
1698.0986779577854,36081007100
2561.5288164721965,36081007300
1984.1200392426517,36081007500
1676.5683417646942,36081007700
1565.1836398620817,36081007900
1439.066748389815,36081008100
1612.074094777512,36081008300
2495.5802216028396,36081063700
1814.0102419579757,36081063800
2180.6188709072658,36081063900
1260.2142335048559,36081064101
3392.2598991264695,36081145101
3096.8673064507084,36081145102
3343.491377104132,36081145900
3073.92674644387,36081146300
2257.729204032276,36081146700
2846.8605102020324,36081147100
2643.4839850355584,36081147900
3590.8144586632484,36081148300
3639.6921761456592,36081150701
2499.936024708079,36081150702
1171.8242114378181,36081152901
2282.9888600773866,36081152902
333.67113164988325,36081156700
4045.4035647519,36081157101
3125.8603720628516,36081157102
5416.153943660007,36081157901
5293.4364771836545,36081157902
148.24071017346557,36081064102
2952.219608454732,36081064500
2720.4785162481753,36081064600
2459.560301172639,36081065000
2612.632754636048,36081065400
136.94265835588507,36081065501
3017.9676691055506,36081065600
3212.987386378161,36081065702
4508.982103893829,36081065900
4587.219092916584,36081066000
5185.645848800995,36081066100
3113.1699654751783,36081066300
1344.4096055097532,36081126700
3244.1606429753547,36081066501
3460.4929132075304,36081066701
3720.915335961998,36081066900
5028.105862770002,36081067700
3221.9550288717746,36081067900
4946.270737409172,36081157903
4037.8056173891787,36081161700
4629.249484263628,36081162100
246.73089214998038,36081097202
3114.3653084822804,36081076901
0,36081107202
1072.4672162083975,36081012500
1705.9842635536804,36081029400
1320.5310021447563,36081061301
3730.5394616191543,36081065703
4049.8315804763224,36081072300
1033.57806424067,36081084900
860.2242757610258,36081086900
1044.5374486582887,36081003300
787.3114432810646,36081008500
2633.4523197771096,36005015100
2952.000457956512,36005037600
3429.583292578052,36005024800
2369.624114336486,36005023301
327.63952003904393,36005019400
980.5620742951115,36005045600
2090.2115121937404,36005005001
955.0255545211958,36005005002
0,36005005300
1576.2443384893816,36005023000
1816.7302986737564,36005013200
1452.4779061698837,36005007900
2978.7536253646585,36005008900
441.7098267727677,36005021601
3472.544816440731,36005003800
2978.9673873153556,36005025000
2468.829575735856,36005028900
1134.4274380741692,36005025300
1473.0599933614444,36005017300
572.1621052542092,36005006500
1695.4528203343634,36005018900
1976.4502490440298,36005004300
940.4121985332052,36005011800
3427.8423515380205,36005006800
3283.177198440742,36005011900
1271.9508332656237,36005008400
1928.1898649095444,36005008700
1593.5627271262597,36005013500
2359.775896436039,36005020601
2501.633437164102,36005022401
1038.2321140559154,36005023100
393.31190681936755,36005024700
1173.9478719331937,36005003900
1867.650194593979,36005020200
595.6092276525748,36005023302
519.7930990961719,36005007100
2171.091545282692,36005039100
2409.7393498462284,36005007500
580.5067301503441,36005021302
220.45105137605856,36005006900
1958.7224474732882,36005012101
73.23753355216962,36005021900
1792.447145865828,36005007300
2733.320055488766,36005041900
1939.7338624443719,36005035800
769.5131048095608,36005012701
0,36005000100
2262.466015489968,36005034200
100.54272319793542,36005011000
34.1193379938098,36005033400
1906.1456452895006,36005024100
2343.529618436958,36005038200
1571.1757653674258,36005009800
1556.2362894563846,36005004100
2746.5743209806546,36005039400
929.1811940151787,36005021800
1298.5846318761692,36005036800
1299.8669213958349,36005022500
3975.6204686113165,36005041500
265.14208581835345,36005003100
455.97402705689484,36005003500
2552.0907252216643,36005008500
2039.8167920729275,36005012102
681.3352206289487,36005021100
2032.6980074119492,36005023200
1759.7875658512417,36005022404
656.548952238784,36005000400
1213.6490314391042,36005026602
2258.890632642662,36005002000
292.1232719166284,36005003300
698.8590251870578,36005014300
2257.744036578338,36005022701
2147.7807045183404,36005038900
304.232769113427,36005013800
19.098662478517877,36005002400
2518.554100904446,36005007400
1337.3263172085778,36005040100
1131.9409379326833,36005001600
92.56536555954257,36005016300
1912.8377059135305,36005008300
1609.350671835198,36005023900
527.8669948950941,36005039902
2573.281771077921,36005034400
2697.149580547714,36005023600
2254.2364912453236,36005026500
2327.735990087432,36005024600
1067.4366160265079,36005039600
2918.533906924244,36005028700
1969.2443747450782,36005021301
872.0378316041051,36005042300
2081.623435051271,36005021502
847.3089256745501,36005005902
3055.6065002485316,36005025200
1666.2206377915134,36005040702
3520.672715195377,36005042800
3362.6393286068846,36005042600
1924.4857023056948,36005030701
862.1226055829263,36005038700
2640.0928463749756,36005045102
1616.6980750960893,36005041800
1286.0881960081683,36005028300
2921.528359324966,36005033600
2531.3616085860263,36005025600
2558.174090249788,36005042901
662.728022459808,36005029600
1905.8411345384532,36005035600
4247.774474598684,36005031000
414.53542686578226,36005006700
1642.0372791381533,36005027700
4491.951047194115,36005028800
1884.7425025927175,36005033000
4093.2433094627595,36005031600
45.828300875022954,36005027600
950.3920753352808,36005040400
965.6923051548479,36005041400
2439.464938830311,36005033800
3560.4182276547335,36005031400
3533.7205900712447,36005031200
490.5888737144929,36005026900
2745.8911130851848,36005022703
2396.225162771044,36005037000
2638.004546374061,36005015800
2174.122567773782,36005027300
1855.4350815625169,36005037800
2581.6789406458106,36005032800
2829.9329037638845,36005034000
129.67112064326682,36005045800
4722.763396917236,36005043600
1826.464372924266,36005042200
0,36005031900
1100.6582333094586,36005037400
1077.7963551779671,36005039800
1655.2793979639528,36005042100
2272.6027971737603,36005007700
624.8853707902638,36005006000
1735.6706484808171,36005013300
523.3225105832537,36005022000
1965.125701914973,36005015300
887.4184149751303,36005022800
1578.599376514469,36005019500
1651.5307682763107,36005007800
267.1622260226915,36005006100
2165.5542013919594,36005021501
1467.6020132676224,36005023502
779.5185619051651,36005011502
1213.0590408579035,36005016100
1639.637343262527,36005016000
1224.4238170998372,36005037300
1493.8822049915555,36005009200
1326.219713852229,36005004800
1258.2716790781606,36005002500
1688.5700462908492,36005051600
1198.838375771235,36005037900
1870.8873513701762,36005016600
552.4014014995936,36005012500
1944.7209783463454,36005016500
1558.485865736663,36005042500
765.4957527248876,36005012300
804.0134354227519,36005005400
1194.6062085614954,36005006200
2230.734257816556,36005013100
2868.557024624483,36005006400
2586.809790606155,36005013000
3089.1579895835243,36005036300
3381.5056535775684,36005043100
1695.6587138121452,36005042902
2350.4327889494284,36005030000
73.12152294461328,36005014100
791.6061962815944,36005032300
1687.30271012498,36005030100
1355.7758328918594,36005048400
2353.8044459382018,36005045101
1184.3060664883992,36005014900
1504.529745149821,36005019700
1619.0283904365,36005038600
2382.341491263939,36005036400
1981.2939563976854,36005036700
1538.500269110484,36005036501
1853.056117640016,36005014400
817.3271355849377,36005015700
2234.0902166914852,36005036100
4182.5945015023935,36005034500
1464.8766542170304,36005030200
1261.333334739926,36005046202
3090.8320369719386,36005044902
1951.8034677701157,36005016700
1848.7254635085178,36005035900
973.8576122234618,36005017500
1696.3369245929657,36005038000
718.2119202296308,36005021602
2585.423356215747,36005026400
2829.1390968766937,36005022300
774.2329035386101,36005021200
1222.5989623261223,36005026300
913.9335796623346,36005039901
442.51116941807527,36005014500
2610.0541038783176,36005018400
1138.21951238904,36005019300
3490.4327502941123,36005025400
2122.0249721674695,36005016200
230.41860555619462,36005002702
2187.20015193073,36005022901
1693.2432341330384,36005025500
813.6963943339639,36005038500
1727.477093298843,36005032400
2189.694760815123,36005019900
1201.5819326279056,36005000200
18.3771483976721,36005020100
4240.289108758413,36005029700
171.68658432178188,36005028400
2650.035187705734,36005004001
2512.2870897155854,36005029500
1811.112274996455,36005035000
2768.849442386941,36005024400
1228.3983942501482,36005008600
2053.1676853757635,36005024300
501.2803998874258,36005036502
5386.706751055074,36005028100
1927.562491714376,36005022902
1120.8024699360135,36005007200
1830.3112850600548,36005024000
2130.2443481459118,36005037100
1215.5184052687641,36005038100
2624.979359081189,36005034300
1354.546095146922,36005039000
2141.1326477777397,36005025100
2582.7627759593643,36005039300
1521.4139878380652,36005005600
1421.5859238496796,36005016900
2927.5889767869917,36005044800
908.8773817795905,36005046000
2151.0818594701286,36005042000
1657.8695602539456,36005036901
2075.9479869378306,36005028500
1711.5399249485083,36005035100
312.4272768120869,36005039700
1504.79926367035,36005022702
3088.5886856721404,36005041100
4024.3937387698584,36005041300
2020.6316558045821,36005039200
788.6163037291846,36005040600
2113.7517635998142,36005044200
2668.4832510970373,36005040701
3101.3512287449826,36005027900
3350.6673856109237,36005040800
1353.8943544450178,36005026601
5159.1915308618345,36005044901
2648.2027697057256,36005038800
978.4381676109788,36005040900
1458.8346065514036,36005046201
3387.7346270666235,36005007000
3105.6241031092304,36005028600
964.8060087313855,36005005200
3499.474203314101,36005031800
2034.8486699307928,36005023704
5628.115691724893,36005043000
1.0719757729152475,36005050400
1846.1435281869055,36005042400
1268.982621271435,36005040304
1376.5730156718935,36005020400
474.2403313954974,36005017100
767.0307724276305,36005004400
1594.7725062745105,36005023501
1383.4701327244866,36005002800
467.2839977864894,36005002701
1015.951122798144,36005002300
1180.236316431301,36005037200
1134.1281132780337,36005015500
2468.0259258770866,36005036902
864.6792664656382,36005024900
21.170143071789205,36005043500
123.60190679993637,36005003700
2068.812548867861,36005004600
1120.1859100067336,36005016400
312.8336114427911,36005025700
463.00871048821176,36005026100
1523.71123137086,36005012901
2645.6504579874036,36005015200
335.5857653550198,36005014701
601.2532249903784,36005014702
1335.930741119839,36005017701
1067.2648854081085,36005017702
1249.0838700419042,36005017901
1302.676031119994,36005017902
2247.0355254603273,36005018101
2552.879881862698,36005018102
4388.083025238399,36005018301
2029.7808695520814,36005018302
681.1159695078314,36005020501
945.1281539564917,36005020502
861.5223131462394,36005021001
1904.4613390372447,36005021002
1700.0193704583814,36005022101
1335.5672609331612,36005022102
1078.6220464283092,36005022403
1441.7654735542483,36005023703
1164.2366865393094,36005024501
1906.640472178601,36005024502
2793.121919098778,36005026701
4395.518416780344,36005026702
2888.085294679097,36005027401
2385.7082563160093,36005027402
491.82881212708975,36005029301
1379.316710112885,36005029302
578.8146006178216,36005030900
3588.481818011496,36005033201
2787.7327574695737,36005033202
1089.3798036972178,36005038301
1410.0934331587298,36005038302
1818.5102563257983,36005040303
1627.8533068934505,36005040501
1100.4312305334624,36005040502
1876.4991140286572,36005020000
1406.5623393142946,36005021700
544.4503943305584,36005023702
2619.8265903807755,36005032600
2697.2471377719266,36005033500
2962.9933482855326,36005033700
2007.0283130311097,36005034800
3094.2549924355712,36005036000
1023.2794911972561,36005039500
1692.1768356308344,36005040302
967.4525314523495,36005043400
1951.0156823826162,36005044400
191.6386288107475,36005001900
1130.591199371791,36005004200
354.65567654155103,36005005100
830.8253735248484,36005006300
2397.9802615165454,36005007600
610.7126564409475,36005009000
531.8604304132062,36005009300
484.09122639433184,36005009600
160.1638644770882,36005011700
2905.112574420347,36005015900
1526.0896742723005,36005018500
1661.161117939322,36005020900
1858.8550639362984,36005022200
1016.9334415981114,36005023800
1764.3814905526528,36005037504
