GEOID,class_a,class_b,class_c
36005000200,1,24,5
36005000400,27,99,16
36005001600,10,47,7
36005001900,16,76,12
36005002000,17,55,14
36005002500,61,204,43
36005002701,13,52,6
36005002702,17,33,7
36005002800,19,38,3
36005003100,14,54,2
36005003300,17,49,11
36005003500,25,71,27
36005003700,NA,3,2
36005003800,10,30,NA
36005003900,65,185,38
36005004001,6,5,1
36005004100,18,70,6
36005004200,12,79,8
36005004300,75,276,27
36005004600,2,15,2
36005004800,26,69,21
36005005001,79,341,56
36005005002,64,237,49
36005005100,8,5,5
36005005200,16,32,6
36005005300,177,576,31
36005005400,131,267,59
36005005600,57,133,31
36005005902,28,83,33
36005006000,13,59,11
36005006100,NA,16,NA
36005006200,36,100,16
36005006300,95,181,49
36005006400,13,24,7
36005006500,72,240,40
36005006700,50,155,27
36005006800,32,120,31
36005006900,29,81,12
36005007000,32,131,26
36005007100,25,45,18
36005007200,60,150,13
36005007300,17,62,3
36005007400,16,22,8
36005007500,46,135,40
36005007600,54,239,54
36005007700,19,52,13
36005007800,117,268,60
36005007900,42,121,15
36005008300,64,141,45
36005008400,4,17,NA
36005008500,33,95,22
36005008600,6,31,NA
36005008700,88,255,159
36005008900,17,90,6
36005009000,1,7,2
36005009200,58,148,24
36005009300,78,239,41
36005009600,11,33,4
36005009800,10,18,3
36005011502,60,202,56
36005011700,10,28,5
36005011800,6,2,2
36005011900,55,163,36
36005012101,22,57,21
36005012102,4,17,1
36005012300,14,90,16
36005012500,42,98,13
36005012701,25,80,15
36005012901,26,106,24
36005013000,NA,2,2
36005013100,41,120,19
36005013200,5,32,3
36005013300,21,75,16
36005013500,19,66,8
36005013800,1,5,2
36005014100,53,188,46
36005014300,13,14,3
36005014400,11,44,10
36005014500,25,62,19
36005014701,50,106,6
36005014702,1,2,14
36005014900,31,170,27
36005015100,57,212,40
36005015200,3,23,2
36005015300,64,221,42
36005015500,46,100,22
36005015700,54,258,89
36005015800,NA,11,1
36005015900,9,19,6
36005016000,1,6,NA
36005016100,76,241,39
36005016200,NA,4,NA
36005016300,2,11,2
36005016400,7,17,1
36005016500,19,45,9
36005016600,NA,3,2
36005016700,18,51,12
36005016900,3,9,4
36005017100,2,2,9
36005017300,50,183,30
36005017500,90,244,139
36005017701,99,300,80
36005017702,103,341,68
36005017901,40,142,20
36005017902,88,224,46
36005018101,26,97,20
36005018102,94,218,39
36005018301,85,161,26
36005018302,25,69,10
36005018400,NA,4,NA
36005018500,87,218,57
36005018900,141,271,60
36005019300,56,97,17
36005019400,2,21,9
36005019500,110,316,44
36005019700,189,374,59
36005019900,83,204,42
36005020000,33,94,18
36005020100,117,220,19
36005020200,12,26,4
36005020400,38,48,21
36005020501,24,60,18
36005020502,2,50,3
36005020601,4,48,5
36005020900,85,224,42
36005021001,14,40,2
36005021002,15,27,5
36005021100,72,212,38
36005021200,1,2,1
36005021301,4,9,2
36005021302,75,207,50
36005021501,20,34,2
36005021502,63,160,14
36005021601,35,155,30
36005021602,5,47,15
36005021700,94,209,49
36005021800,80,318,49
36005021900,9,19,5
36005022000,25,82,9
36005022101,26,80,11
36005022102,114,262,58
36005022200,10,61,4
36005022300,68,195,27
36005022401,18,70,6
36005022403,9,24,9
36005022404,49,207,26
36005022500,95,240,48
36005022701,142,346,47
36005022702,6,24,12
36005022703,16,39,NA
36005022800,27,75,14
36005022901,159,322,107
36005022902,34,90,9
36005023000,41,136,20
36005023100,15,37,5
36005023200,6,53,10
36005023301,96,254,50
36005023302,85,246,29
36005023501,43,133,24
36005023502,52,158,47
36005023600,18,72,13
36005023702,12,41,5
36005023703,72,184,39
36005023704,92,231,38
36005023800,23,66,14
36005023900,96,313,59
36005024000,54,177,47
36005024100,82,258,38
36005024300,49,204,61
36005024400,7,14,3
36005024501,11,48,8
36005024502,92,203,44
36005024600,3,5,NA
36005024700,31,66,10
36005024800,7,32,1
36005025000,4,10,1
36005025100,118,269,71
36005025200,10,27,NA
36005025300,58,183,43
36005025400,11,17,2
36005025500,140,315,67
36005025600,5,19,NA
36005025700,20,20,6
36005026100,7,36,8
36005026300,63,163,31
36005026400,6,35,5
36005026500,97,173,46
36005026601,5,7,NA
36005026602,14,56,9
36005026701,27,76,25
36005026702,76,172,37
36005026900,25,113,23
36005027300,48,134,25
36005027401,NA,NA,2
36005027402,1,7,1
36005027700,57,118,50
36005027900,104,231,41
36005028100,17,43,10
36005028300,26,35,6
36005028500,89,145,19
36005028600,NA,4,1
36005028700,19,39,10
36005028800,NA,2,1
36005028900,55,152,61
36005029301,NA,3,NA
36005029302,NA,18,4
36005029500,14,44,1
36005029600,33,46,10
36005029700,9,13,NA
36005030000,26,45,5
36005030200,7,33,2
36005030701,2,10,1
36005030900,3,8,2
36005031600,1,12,2
36005031800,NA,5,NA
36005032300,9,13,NA
36005032400,10,31,2
36005032600,17,49,8
36005032800,18,50,8
36005033000,52,152,7
36005033201,5,42,3
36005033202,22,84,8
36005033500,1,7,NA
36005033600,79,224,25
36005033700,1,7,5
36005033800,29,98,24
36005034000,47,191,25
36005034200,7,18,2
36005034300,3,9,1
36005034400,NA,6,NA
36005034500,1,7,NA
36005034800,1,18,1
36005035000,9,62,8
36005035100,8,19,NA
36005035600,12,40,7
36005035800,12,101,8
36005035900,17,66,30
36005036000,22,43,3
36005036100,31,108,29
36005036300,124,408,100
36005036400,21,66,4
36005036501,23,52,15
36005036502,14,55,12
36005036700,82,257,37
36005036800,7,20,3
36005036901,11,50,8
36005036902,57,153,15
36005037000,7,27,6
36005037100,69,208,28
36005037200,6,24,2
36005037300,69,232,53
36005037400,49,135,24
36005037504,59,285,49
36005037600,12,49,5
36005037800,12,38,15
36005037900,45,220,30
36005038000,55,166,35
36005038100,144,314,78
36005038200,9,39,15
36005038301,143,339,74
36005038302,43,119,20
36005038500,70,304,61
36005038600,47,170,49
36005038700,68,196,45
36005038800,19,69,13
36005038900,27,157,29
36005039000,44,165,23
36005039100,138,350,66
36005039200,25,58,7
36005039300,78,201,59
36005039400,59,194,31
36005039500,27,145,28
36005039600,72,230,53
36005039700,5,13,5
36005039800,16,52,14
36005039901,83,255,74
36005039902,97,312,86
36005040100,84,280,79
36005040302,55,150,52
36005040303,54,108,42
36005040304,33,85,30
36005040400,14,60,14
36005040501,76,152,67
36005040502,89,224,42
36005040600,23,73,20
36005040701,36,152,27
36005040702,84,306,68
36005040800,56,135,33
36005040900,46,198,5
36005041100,32,113,32
36005041300,44,106,26
36005041400,57,168,25
36005041500,46,151,24
36005041800,72,165,45
36005041900,92,265,49
36005042000,65,133,49
36005042100,49,169,24
36005042200,10,74,23
36005042300,85,203,34
36005042400,4,47,5
36005042500,86,295,74
36005042600,19,76,14
36005042800,NA,13,5
36005042901,83,143,31
36005042902,42,136,23
36005043000,6,27,2
36005043100,235,572,105
36005043400,30,39,21
36005043500,4,24,NA
36005043600,12,44,6
36005044200,38,110,33
36005044400,13,51,11
36005044800,3,5,4
36005044901,NA,3,NA
36005044902,12,13,2
36005045101,5,6,6
36005045102,NA,2,NA
36005045600,12,63,18
36005046000,1,7,4
36005046201,35,72,1
36005046202,13,71,16
36005048400,15,46,15
36005051600,7,18,2
36047000100,4,8,3
36047000200,11,36,20
36047000301,1,3,NA
36047000501,1,18,3
36047000502,1,4,1
36047000700,2,17,1
36047000900,9,7,NA
36047001300,NA,2,NA
36047001500,3,15,NA
36047002000,1,9,4
36047002100,NA,2,NA
36047002200,13,22,4
36047003000,1,23,3
36047003300,3,3,1
36047003400,7,56,6
36047003500,12,30,5
36047003600,23,50,2
36047003900,15,34,3
36047004100,2,2,1
36047004300,5,31,9
36047004400,NA,28,1
36047004500,1,4,1
36047004600,10,15,2
36047004700,2,6,1
36047004900,2,10,1
36047005000,6,17,3
36047005100,NA,14,2
36047005201,NA,3,NA
36047005202,10,26,4
36047005300,4,27,2
36047005400,4,16,5
36047005601,4,5,3
36047005602,1,9,NA
36047005800,13,36,6
36047005900,8,25,10
36047006000,14,58,11
36047006200,13,22,3
36047006300,2,8,1
36047006400,14,17,4
36047006500,15,65,3
36047006600,44,113,28
36047006700,NA,5,1
36047006800,23,62,9
36047006900,32,50,18
36047007000,NA,4,1
36047007100,2,6,3
36047007200,24,54,18
36047007400,21,51,36
36047007500,3,13,1
36047007600,19,110,21
36047007700,3,11,NA
36047007800,16,69,11
36047008000,9,25,2
36047008200,29,98,41
36047008400,3,27,7
36047008800,30,35,27
36047009000,11,16,2
36047009200,36,106,20
36047009400,1,12,2
36047009600,57,122,20
36047009800,9,31,13
36047010000,16,54,13
36047010100,4,10,4
36047010200,45,154,15
36047010400,27,47,22
36047010600,1,5,2
36047010800,5,32,13
36047011000,5,24,5
36047011200,36,110,42
36047011400,10,7,8
36047011600,4,7,2
36047011700,6,23,6
36047011800,2,9,4
36047011900,12,24,1
36047012000,1,10,2
36047012100,7,21,7
36047012200,15,58,21
36047012600,19,38,9
36047012700,5,25,1
36047012801,6,31,10
36047012901,13,67,7
36047012902,2,17,2
36047013000,28,32,10
36047013100,16,57,12
36047013200,8,17,2
36047013300,4,25,3
36047013400,8,28,4
36047013500,66,88,21
36047013600,12,43,15
36047013700,16,51,8
36047013800,1,34,2
36047013900,22,113,13
36047014000,2,14,NA
36047014100,2,15,2
36047014200,11,41,5
36047014300,1,24,19
36047014500,10,55,12
36047014700,6,19,NA
36047014800,1,9,1
36047014900,5,38,3
36047015100,3,20,4
36047015200,2,6,NA
36047015300,NA,6,NA
36047015500,11,15,2
36047015700,3,13,3
36047015900,6,10,4
36047016000,22,37,4
36047016100,5,33,3
36047016200,4,14,NA
36047016300,13,58,2
36047016500,4,7,NA
36047016700,3,19,5
36047016800,4,4,NA
36047016900,14,67,9
36047017000,5,10,NA
36047017100,11,18,6
36047017200,1,9,NA
36047017400,NA,7,3
36047017600,3,6,4
36047017800,7,6,3
36047017900,NA,13,8
36047018000,2,12,2
36047018100,19,37,12
36047018200,4,17,3
36047018300,NA,1,1
36047018501,3,11,5
36047018700,1,11,2
36047018800,NA,5,4
36047019000,7,47,8
36047019100,21,49,23
36047019200,9,23,3
36047019300,11,38,1
36047019400,2,4,1
36047019500,10,21,16
36047019600,17,57,11
36047019700,3,18,3
36047019800,1,NA,NA
36047019900,26,103,34
36047020000,NA,3,NA
36047020100,8,29,5
36047020300,1,32,6
36047020500,23,36,8
36047020600,NA,NA,1
36047020700,42,123,19
36047020800,3,3,NA
36047021000,NA,18,1
36047021100,4,14,1
36047021200,19,39,7
36047021300,57,145,35
36047021400,1,5,2
36047021500,50,169,26
36047021600,14,37,7
36047021700,55,272,42
36047021800,2,17,3
36047021900,45,208,36
36047022000,50,86,11
36047022100,33,130,51
36047022200,13,53,5
36047022400,10,57,9
36047022600,34,71,8
36047022700,66,210,44
36047022800,24,61,19
36047022900,22,44,16
36047023000,19,50,19
36047023100,40,117,24
36047023200,29,108,22
36047023300,27,78,25
36047023400,1,7,8
36047023500,6,31,8
36047023600,8,18,7
36047023800,10,31,14
36047024000,18,26,9
36047024100,16,48,30
36047024200,1,1,NA
36047024300,32,136,40
36047024400,2,11,1
36047024500,44,165,46
36047024600,3,6,2
36047024700,32,135,10
36047024800,9,28,9
36047024900,52,170,47
36047025000,1,5,NA
36047025100,53,133,33
36047025200,23,51,5
36047025300,22,76,15
36047025400,8,10,NA
36047025600,20,33,3
36047025700,20,67,31
36047025800,35,77,13
36047025901,21,68,14
36047026000,NA,3,1
36047026100,60,222,99
36047026300,13,119,27
36047026400,19,23,20
36047026500,57,240,83
36047026600,5,10,1
36047026700,51,139,22
36047026800,4,16,2
36047026900,84,232,42
36047027000,NA,6,NA
36047027100,39,199,49
36047027200,26,63,5
36047027300,23,64,17
36047027400,1,7,NA
36047027500,33,147,25
36047027600,8,28,9
36047027700,48,117,51
36047027800,8,22,1
36047027900,47,280,76
36047028000,6,7,NA
36047028100,33,108,24
36047028200,NA,NA,1
36047028300,33,88,27
36047028400,38,93,28
36047028501,NA,2,NA
36047028600,22,62,6
36047028700,21,74,26
36047028800,5,38,8
36047028900,57,220,74
36047029000,13,71,3
36047029100,48,179,57
36047029200,5,16,1
36047029300,33,147,35
36047029400,11,35,4
36047029500,29,148,25
36047029600,31,74,19
36047029700,27,67,11
36047029800,13,21,6
36047029900,20,104,13
36047030000,33,28,10
36047030100,29,146,32
36047030200,3,9,2
36047030300,43,264,61
36047030400,5,31,7
36047030500,25,104,32
36047030700,39,152,35
36047030800,2,5,1
36047030900,18,57,17
36047031100,76,309,67
36047031300,69,286,48
36047031400,5,28,1
36047031500,142,436,128
36047031701,60,220,70
36047031702,61,296,52
36047031900,41,215,60
36047032100,75,270,109
36047032300,36,157,28
36047032500,70,267,31
36047032600,14,108,36
36047032700,29,125,29
36047032800,22,75,32
36047032900,51,252,35
36047033000,15,48,2
36047033100,30,99,25
36047033300,10,30,6
36047033500,9,26,9
36047033600,15,63,18
36047033700,27,150,40
36047033900,72,131,39
36047034000,NA,4,NA
36047034100,70,216,53
36047034200,NA,4,1
36047034300,20,92,17
36047034500,8,66,11
36047034700,43,147,22
36047034800,20,39,11
36047034900,81,343,43
36047035100,73,309,65
36047035200,1,9,NA
36047035300,108,390,55
36047035400,NA,2,3
36047035500,76,241,80
36047035601,NA,5,1
36047035602,10,16,2
36047035700,32,133,14
36047035900,87,260,62
36047036001,5,53,7
36047036002,6,58,14
36047036100,34,138,14
36047036200,33,110,55
36047036300,100,344,69
36047036400,8,58,3
36047036501,21,132,25
36047036502,29,89,24
36047036600,27,53,16
36047036700,27,190,61
36047036900,84,452,124
36047037000,1,10,1
36047037100,80,325,73
36047037300,57,242,62
36047037401,4,35,9
36047037402,NA,19,2
36047037500,34,193,59
36047037700,61,256,83
36047037900,71,221,87
36047038100,20,103,17
36047038200,1,7,1
36047038300,58,188,47
36047038500,68,246,103
36047038600,11,26,4
36047038700,44,224,70
36047038800,3,15,1
36047038900,33,83,19
36047039000,4,11,NA
36047039100,10,56,16
36047039200,27,64,4
36047039300,29,65,30
36047039400,3,15,6
36047039500,28,68,21
36047039600,2,4,1
36047039700,40,135,43
36047039800,NA,10,1
36047039900,39,152,47
36047040000,2,15,1
36047040100,47,196,55
36047040200,14,22,4
36047040300,52,213,42
36047040500,15,60,20
36047040600,4,33,8
36047040800,5,15,3
36047040900,75,271,66
36047041000,1,4,1
36047041100,18,105,20
36047041200,4,26,2
36047041300,56,387,55
36047041401,4,10,2
36047041402,1,32,2
36047041500,56,188,69
36047041600,16,70,11
36047041700,27,100,14
36047041800,9,37,2
36047041900,15,109,14
36047042000,9,5,3
36047042100,20,126,34
36047042200,8,29,9
36047042300,26,91,18
36047042400,10,23,11
36047042500,27,104,14
36047042600,3,14,6
36047042700,62,197,42
36047042800,11,15,1
36047042900,69,210,56
36047043000,31,75,14
36047043100,97,305,68
36047043200,25,80,11
36047043300,68,251,53
36047043400,7,16,10
36047043500,58,201,37
36047043600,19,45,6
36047043700,102,338,137
36047043800,20,48,7
36047043900,34,105,20
36047044000,9,12,NA
36047044100,33,180,29
36047044200,1,15,5
36047044300,16,84,25
36047044400,13,45,3
36047044500,26,136,18
36047044600,9,31,3
36047044700,12,13,4
36047044800,NA,1,NA
36047044900,1,8,NA
36047045200,5,26,5
36047045300,11,27,2
36047045400,2,6,1
36047045600,12,43,3
36047045800,NA,2,2
36047046000,18,86,16
36047046201,9,53,6
36047046400,6,15,1
36047046800,NA,NA,1
36047047000,NA,1,1
36047047400,NA,2,NA
36047047600,12,34,5
36047047700,12,37,7
36047047800,11,50,8
36047048000,52,107,22
36047048100,20,47,12
36047048200,29,151,26
36047048400,47,111,24
36047048500,6,35,4
36047048600,26,76,23
36047048800,14,27,9
36047049000,37,90,22
36047049100,11,38,12
36047049200,18,71,14
36047049300,19,91,10
36047049400,12,59,14
36047049500,3,9,5
36047049600,12,38,10
36047049700,NA,10,3
36047049800,13,21,11
36047049900,5,16,2
36047050000,4,11,NA
36047050100,5,14,2
36047050202,5,10,NA
36047050300,14,20,2
36047050400,2,16,4
36047050500,24,50,8
36047050600,38,156,40
36047050700,1,12,1
36047050801,70,229,40
36047050803,49,143,20
36047050804,77,298,54
36047050900,NA,NA,5
36047051001,67,179,39
36047051002,46,162,56
36047051100,8,34,5
36047051200,75,249,51
36047051300,38,97,18
36047051400,61,338,43
36047051500,NA,12,1
36047051601,79,259,55
36047051602,48,105,18
36047051700,8,20,1
36047051800,31,73,3
36047051900,16,14,2
36047052000,24,59,8
36047052300,28,85,19
36047052500,2,37,2
36047052600,4,32,14
36047052700,43,165,25
36047052800,4,11,1
36047052900,12,55,12
36047053000,16,54,5
36047053100,14,15,3
36047053200,5,20,NA
36047053300,28,65,6
36047053400,31,46,19
36047053500,7,32,6
36047053800,34,120,16
36047053900,3,NA,1
36047054200,4,23,1
36047054300,NA,1,NA
36047054400,1,5,3
36047054500,5,11,7
36047054600,48,161,6
36047054700,11,29,10
36047054800,3,20,7
36047054900,16,51,2
36047055000,17,82,13
36047055100,21,36,15
36047055200,5,28,4
36047055300,25,73,34
36047055400,30,84,36
36047055500,NA,4,1
36047055600,7,25,3
36047055700,NA,11,3
36047055800,5,71,5
36047056000,5,40,2
36047056100,50,71,3
36047056300,68,164,24
36047056400,4,10,NA
36047056500,10,23,5
36047056600,1,16,1
36047056900,2,NA,NA
36047057000,1,NA,NA
36047057100,4,9,3
36047057300,5,27,6
36047057400,NA,9,2
36047057500,31,80,14
36047057600,NA,13,NA
36047057800,4,45,8
36047057900,11,14,7
36047058000,4,43,5
36047058200,3,25,3
36047058400,NA,15,NA
36047058600,NA,3,4
36047058800,5,28,4
36047058900,1,7,2
36047059000,NA,4,NA
36047059100,6,49,11
36047059200,45,82,46
36047059300,7,5,NA
36047059401,11,114,12
36047059402,4,38,6
36047059600,3,13,NA
36047059800,NA,6,NA
36047060000,10,38,10
36047060600,10,81,9
36047060800,11,38,NA
36047061002,12,33,NA
36047061003,1,38,1
36047061004,34,178,19
36047061200,NA,5,2
36047062000,NA,4,NA
36047062200,31,135,12
36047062600,2,24,NA
36047063200,5,NA,NA
36047063600,NA,NA,2
36047063800,6,51,3
36047064000,NA,2,NA
36047064200,6,30,6
36047064400,3,12,1
36047064600,2,1,1
36047064800,NA,4,NA
36047065000,1,7,3
36047066000,NA,3,1
36047066200,NA,NA,1
36047066600,NA,9,2
36047067000,1,20,6
36047067200,1,9,NA
36047067400,1,7,8
36047067600,2,9,1
36047067800,1,19,2
36047068000,2,9,NA
36047068200,NA,11,1
36047068600,1,1,3
36047068800,NA,3,1
36047069000,1,7,NA
36047069200,NA,8,6
36047069601,11,22,7
36047069602,NA,10,1
36047069800,4,3,1
36047070000,NA,1,1
36047070201,1,9,1
36047070600,1,6,NA
36047072000,6,29,5
36047072200,NA,6,2
36047072400,NA,3,2
36047072800,7,58,11
36047073000,NA,17,8
36047073200,NA,8,3
36047073400,1,1,1
36047073600,38,161,21
36047073800,5,4,2
36047074000,8,79,27
36047074200,22,84,14
36047074400,NA,NA,2
36047074600,3,16,NA
36047074800,7,12,2
36047075000,8,20,3
36047075400,NA,2,NA
36047075600,NA,3,NA
36047075800,11,62,4
36047076000,27,95,16
36047076200,47,79,17
36047076400,37,111,27
36047076600,41,75,9
36047076800,18,71,12
36047077000,9,39,12
36047077200,34,109,22
36047077400,5,33,10
36047077600,6,67,12
36047078000,3,35,4
36047078200,28,140,48
36047078400,4,29,8
36047078600,25,103,34
36047078800,22,102,22
36047079000,63,268,65
36047079200,45,151,33
36047079400,42,121,17
36047079601,54,212,47
36047079602,42,173,41
36047079801,48,138,26
36047079802,15,85,25
36047080000,26,121,21
36047080200,63,146,27
36047080400,10,120,16
36047080600,47,83,26
36047081000,15,53,8
36047081400,13,65,10
36047081600,14,147,28
36047081800,33,164,25
36047082000,70,321,75
36047082200,70,415,47
36047082400,33,202,44
36047082600,35,224,46
36047082800,63,270,41
36047083000,45,197,88
36047083200,NA,6,2
36047083400,NA,9,1
36047083600,10,35,8
36047083800,1,7,6
36047084000,2,8,1
36047084600,5,48,7
36047084800,NA,3,NA
36047085000,NA,5,4
36047085400,12,34,5
36047085600,31,114,32
36047085800,14,82,7
36047086000,28,65,22
36047086200,19,82,12
36047086400,14,43,10
36047086600,27,102,29
36047086800,64,162,37
36047087000,25,117,26
36047087200,12,77,9
36047087401,18,87,11
36047087600,16,34,4
36047087800,11,56,17
36047088000,7,21,3
36047088200,59,290,65
36047088400,58,209,72
36047088600,116,397,70
36047088800,22,127,45
36047089000,63,252,57
36047089200,53,257,46
36047089400,25,92,35
36047089600,60,201,54
36047089800,20,60,14
36047090000,23,120,23
36047090200,3,26,5
36047090600,12,54,7
36047090800,8,82,30
36047091000,1,14,10
36047091600,20,89,39
36047091800,9,37,4
36047092000,58,147,32
36047092200,32,87,14
36047092400,15,87,14
36047092800,15,105,29
36047093000,NA,11,5
36047093200,NA,2,1
36047093400,19,67,10
36047093600,18,79,17
36047093800,25,77,27
36047094401,16,116,27
36047094600,2,23,2
36047095000,7,48,5
36047095400,2,55,3
36047095600,2,29,NA
36047095800,NA,17,8
36047096200,2,29,14
36047096400,5,45,11
36047096600,NA,11,NA
36047096800,NA,25,NA
36047097000,11,84,11
36047097400,8,24,5
36047098400,NA,13,1
36047098600,5,31,9
36047098800,11,68,20
36047099000,1,23,7
36047099200,NA,2,NA
36047099400,4,20,5
36047099600,2,17,3
36047099800,NA,2,4
36047100400,1,17,6
36047100600,2,35,9
36047100800,2,21,4
36047101000,8,55,11
36047101200,1,21,2
36047101400,2,15,9
36047101600,NA,5,1
36047102000,NA,3,6
36047102200,NA,4,1
36047102400,NA,25,1
36047102800,NA,8,1
36047105801,2,11,1
36047105804,8,11,1
36047107800,5,17,7
36047109800,24,72,12
36047110400,34,208,47
36047111000,1,NA,NA
36047111600,9,75,37
36047111800,44,206,95
36047112000,20,166,23
36047112200,52,146,23
36047112400,40,221,69
36047112600,62,264,78
36047112800,42,184,42
36047113000,54,247,85
36047113200,9,70,17
36047113400,6,27,8
36047114201,1,13,5
36047114202,14,112,17
36047114400,23,68,33
36047114600,12,69,19
36047115000,18,122,46
36047115200,23,140,36
36047115600,12,69,13
36047115800,26,125,57
36047116000,20,96,18
36047116200,2,67,10
36047116400,8,126,39
36047116600,13,123,52
36047116800,11,88,14
36047117000,12,96,18
36047117201,4,11,16
36047117202,23,54,19
36047117400,8,64,22
36047117601,25,78,24
36047117602,26,170,35
36047117800,3,27,10
36047118201,14,50,21
36047118202,22,71,16
36047118400,17,112,48
36047118600,11,93,15
36047118800,29,55,15
36047119000,31,56,9
36047119200,32,130,34
36047119400,54,249,51
36047119600,67,286,83
36047119800,41,148,36
36047120000,3,34,8
36047120200,1,8,1
36047120800,55,223,40
36047122000,12,64,22
36047123700,38,91,15
36047150200,5,14,1
36047152200,28,72,9
36061000201,14,22,13
36061000202,6,8,2
36061000600,11,54,6
36061000700,NA,5,NA
36061000800,58,101,49
36061000900,NA,5,NA
36061001200,3,20,NA
36061001300,4,9,1
36061001402,9,24,2
36061001501,1,1,NA
36061001502,4,NA,NA
36061001600,13,67,9
36061001800,31,180,52
36061002100,12,18,5
36061002201,9,28,3
36061002202,4,17,NA
36061002601,31,75,11
36061002602,36,139,10
36061002700,13,7,4
36061002800,14,48,6
36061002900,25,49,13
36061003001,62,130,24
36061003002,56,113,11
36061003200,41,157,27
36061003300,2,12,7
36061003400,55,155,12
36061003601,5,17,7
36061003602,8,42,4
36061003700,14,17,2
36061003800,82,216,26
36061003900,6,18,NA
36061004000,57,132,13
36061004100,17,58,17
36061004200,3,10,3
36061004300,13,54,9
36061004400,6,8,NA
36061004500,5,16,NA
36061004700,26,95,40
36061004800,25,54,10
36061004900,23,46,12
36061005000,11,24,7
36061005200,12,20,1
36061005400,NA,9,NA
36061005502,2,6,2
36061005600,NA,NA,1
36061005800,NA,5,NA
36061005900,4,6,NA
36061006000,4,16,4
36061006300,9,40,5
36061006400,6,17,3
36061006500,23,66,14
36061006600,20,61,5
36061006700,20,75,9
36061006800,10,32,NA
36061006900,NA,3,1
36061007000,20,72,9
36061007100,33,39,17
36061007200,32,81,32
36061007300,57,104,17
36061007400,1,6,2
36061007500,9,19,3
36061007600,NA,2,2
36061007700,12,33,8
36061007800,19,39,5
36061007900,6,39,5
36061008000,20,36,11
36061008100,27,94,12
36061008200,4,9,NA
36061008300,26,56,6
36061008400,NA,1,NA
36061008603,NA,4,NA
36061008700,33,71,6
36061008800,4,12,NA
36061008900,21,68,18
36061009000,11,31,4
36061009100,16,63,9
36061009200,NA,2,NA
36061009300,7,29,2
36061009500,20,18,3
36061009700,6,8,NA
36061009800,15,39,9
36061009900,12,26,5
36061010000,4,23,1
36061010200,NA,2,1
36061010300,3,7,NA
36061010400,5,10,NA
36061010601,18,23,1
36061010602,2,12,1
36061010800,16,32,1
36061011000,15,51,8
36061011100,11,23,9
36061011201,NA,4,1
36061011203,2,13,NA
36061011402,10,28,2
36061011500,16,40,2
36061011600,8,28,8
36061011800,6,19,4
36061011900,6,12,NA
36061012000,1,NA,NA
36061012100,53,167,30
36061012200,6,34,2
36061012400,19,120,11
36061012500,3,NA,NA
36061012600,15,28,3
36061012700,87,204,37
36061012800,4,24,9
36061012900,27,107,19
36061013000,4,25,6
36061013100,NA,NA,1
36061013200,9,45,14
36061013300,39,74,11
36061013400,18,55,10
36061013500,5,10,NA
36061013600,50,90,10
36061013700,12,28,5
36061013800,43,84,20
36061013900,42,146,33
36061014000,13,12,5
36061014200,12,9,2
36061014300,NA,2,NA
36061014401,13,19,4
36061014402,17,37,7
36061014500,5,1,NA
36061014601,24,40,6
36061014602,26,51,15
36061014801,4,13,NA
36061014802,12,28,6
36061014900,1,NA,NA
36061015002,10,13,NA
36061015100,NA,1,NA
36061015200,4,14,2
36061015300,13,16,NA
36061015400,16,77,16
36061015500,1,NA,NA
36061015601,11,31,9
36061015602,NA,3,1
36061015700,26,64,9
36061015801,9,33,2
36061015802,3,1,1
36061015900,9,34,10
36061016002,6,12,NA
36061016100,23,61,21
36061016200,16,44,4
36061016300,14,38,9
36061016400,3,15,2
36061016500,10,39,3
36061016600,30,184,24
36061016700,38,98,5
36061016800,5,11,NA
36061016900,23,56,8
36061017000,71,156,34
36061017100,27,34,1
36061017200,41,119,28
36061017300,40,101,17
36061017401,45,111,10
36061017402,15,14,3
36061017500,20,61,21
36061017700,8,36,6
36061017800,30,83,20
36061017900,34,56,9
36061018000,31,153,22
36061018100,16,22,1
36061018200,54,211,34
36061018300,21,82,9
36061018400,37,93,31
36061018500,10,20,3
36061018600,24,58,3
36061018700,18,42,2
36061018800,62,205,47
36061018900,33,116,20
36061019000,20,52,15
36061019100,23,113,19
36061019200,4,9,2
36061019300,35,107,21
36061019400,47,209,16
36061019500,25,101,11
36061019600,35,96,25
36061019701,1,5,1
36061019702,16,59,7
36061019800,18,102,16
36061019900,12,37,1
36061020000,28,139,61
36061020102,46,157,21
36061020500,NA,1,NA
36061020600,17,66,15
36061020701,3,25,2
36061020800,72,233,40
36061020901,11,18,8
36061021000,2,24,6
36061021100,17,53,16
36061021200,8,42,2
36061021303,71,200,72
36061021400,25,111,7
36061021500,47,121,22
36061021600,75,223,26
36061021800,67,161,39
36061021900,52,130,25
36061022000,57,158,34
36061022102,32,145,39
36061022200,21,61,23
36061022301,152,229,97
36061022302,6,33,10
36061022400,79,246,24
36061022500,213,568,109
36061022600,60,229,18
36061022700,118,296,42
36061022800,142,393,104
36061022900,146,507,124
36061023000,79,223,51
36061023100,83,303,84
36061023200,138,323,47
36061023300,94,324,105
36061023400,70,199,38
36061023501,212,555,115
36061023502,42,140,33
36061023600,54,138,49
36061023700,146,495,82
36061023801,4,14,NA
36061023900,62,138,36
36061024100,105,285,39
36061024200,73,163,46
36061024301,88,223,83
36061024500,215,621,173
36061024700,105,283,81
36061024900,34,90,6
36061025100,59,135,29
36061025300,131,454,141
36061025500,68,162,42
36061025700,54,162,31
36061025900,9,64,32
36061026100,135,482,139
36061026300,108,372,83
36061026500,98,272,40
36061026700,10,28,4
36061026900,161,430,158
36061027100,135,290,131
36061027300,42,133,18
36061027500,11,9,NA
36061027700,109,259,92
36061027900,128,365,108
36061028100,10,46,8
36061028300,92,260,78
36061028500,229,568,172
36061028700,119,168,60
36061029100,135,503,89
36061029300,138,384,115
36061029500,64,195,34
36061029900,14,74,16
36061030300,44,152,35
36061030700,11,53,11
36061030900,77,174,50
36061031703,1,1,NA
36081000100,NA,4,NA
36081000200,NA,23,1
36081000400,1,16,2
36081000600,11,54,16
36081000700,12,66,13
36081000800,NA,9,1
36081001000,18,74,14
36081001200,NA,6,NA
36081001400,2,13,NA
36081001600,11,35,1
36081001800,3,15,4
36081002000,3,6,NA
36081002200,4,7,6
36081002400,10,22,17
36081002600,NA,1,NA
36081002800,8,76,6
36081003000,6,11,1
36081003100,28,40,8
36081003200,2,24,1
36081003300,3,37,8
36081003400,2,45,6
36081003600,2,21,7
36081003800,2,18,8
36081003900,11,63,8
36081004001,2,14,3
36081004002,6,3,5
36081004200,4,17,1
36081004300,NA,5,NA
36081004401,20,68,4
36081004700,2,7,NA
36081005100,4,25,4
36081005200,7,45,17
36081005300,NA,38,2
36081005400,2,11,4
36081005500,NA,7,NA
36081005700,16,60,8
36081005800,NA,3,3
36081005900,4,62,3
36081006100,4,22,15
36081006201,3,9,2
36081006202,9,59,10
36081006300,7,6,5
36081006501,17,46,9
36081006502,13,34,5
36081006900,5,21,5
36081007100,5,33,NA
36081007300,3,43,NA
36081007500,19,54,3
36081007700,1,2,1
36081007900,6,33,3
36081008100,3,11,5
36081008300,1,3,2
36081008500,1,13,7
36081008600,3,34,2
36081008700,13,59,4
36081008800,1,14,NA
36081009100,13,20,5
36081009400,4,23,10
36081009500,11,34,4
36081009700,NA,17,1
36081009800,6,27,6
36081010000,NA,24,1
36081010100,7,43,2
36081010200,3,17,1
36081010300,3,24,1
36081010400,NA,17,3
36081010500,2,11,4
36081010600,2,8,NA
36081010800,8,60,10
36081011000,6,7,2
36081011100,28,40,13
36081011200,NA,8,1
36081011300,6,32,2
36081011400,NA,NA,1
36081011500,3,22,4
36081011600,2,7,1
36081011700,9,56,11
36081011800,NA,12,2
36081011900,6,6,6
36081012000,3,17,1
36081012100,NA,23,3
36081012200,2,43,5
36081012301,NA,13,NA
36081012400,8,11,4
36081012500,5,14,1
36081012601,4,14,NA
36081012602,7,31,5
36081012800,4,11,3
36081013000,2,26,4
36081013200,3,26,5
36081013400,14,54,5
36081013600,1,17,NA
36081013700,1,7,4
36081013800,10,83,7
36081014000,1,30,2
36081014100,3,4,NA
36081014201,17,74,6
36081014202,5,32,13
36081014300,12,79,4
36081014400,12,48,9
36081014500,3,3,1
36081014700,7,13,NA
36081014800,10,51,5
36081014900,2,21,4
36081015000,NA,1,NA
36081015100,5,12,6
36081015200,2,52,2
36081015400,1,18,4
36081015500,1,24,3
36081015600,3,19,4
36081015700,8,28,2
36081015801,2,20,5
36081015802,3,50,4
36081015900,6,29,4
36081016100,1,28,3
36081016400,NA,16,NA
36081016600,2,19,10
36081016800,3,6,3
36081016900,10,42,4
36081017000,2,31,4
36081017200,4,24,9
36081017400,3,33,15
36081017600,NA,NA,1
36081017800,1,6,1
36081017900,NA,2,NA
36081018000,6,38,9
36081018101,27,153,21
36081018102,18,69,10
36081018200,2,19,5
36081018300,15,66,12
36081018401,2,14,3
36081018402,1,30,8
36081018501,10,7,2
36081018502,6,63,9
36081018600,2,15,2
36081018700,NA,13,NA
36081018800,5,21,1
36081018900,6,38,3
36081019000,5,26,18
36081019200,5,38,4
36081019400,NA,14,3
36081019600,5,82,9
36081019800,9,98,40
36081019900,NA,16,NA
36081020200,4,19,2
36081020400,10,96,10
36081020600,2,34,1
36081020800,13,31,11
36081021200,12,64,15
36081021400,6,25,1
36081021600,8,49,7
36081022001,1,7,NA
36081022002,6,47,5
36081023200,1,24,2
36081023500,12,34,10
36081023600,15,68,13
36081023800,27,123,26
36081024000,12,30,7
36081024300,8,51,3
36081024500,9,20,NA
36081024700,2,5,2
36081024900,11,49,5
36081025100,13,32,12
36081025301,18,49,8
36081025302,17,44,5
36081025400,13,180,28
36081025500,NA,3,1
36081025700,2,25,4
36081025800,11,71,7
36081025900,4,22,6
36081026000,8,41,10
36081026100,5,81,10
36081026200,1,24,9
36081026300,25,60,17
36081026400,1,8,4
36081026500,19,115,16
36081026600,NA,2,NA
36081026700,4,22,3
36081026901,20,70,7
36081026902,26,118,10
36081027000,20,116,5
36081027100,35,99,12
36081027200,8,15,2
36081027300,43,96,14
36081027400,5,32,2
36081027500,6,37,5
36081027600,1,12,2
36081027700,17,50,21
36081027800,NA,4,2
36081027900,7,27,2
36081028000,5,60,9
36081028100,15,66,22
36081028200,2,20,6
36081028300,20,121,17
36081028400,2,52,12
36081028500,6,17,2
36081028700,8,57,5
36081028800,7,73,12
36081028900,NA,22,1
36081029100,11,76,23
36081029300,5,8,2
36081029400,8,47,17
36081029500,NA,8,NA
36081029700,1,15,4
36081030600,NA,10,3
36081030902,10,37,6
36081030903,10,37,8
36081030904,1,6,1
36081031700,NA,10,1
36081032000,6,51,11
36081032700,1,32,7
36081032800,NA,14,3
36081032900,4,22,11
36081033000,17,128,21
36081033401,5,38,8
36081033402,2,24,8
36081033700,1,5,4
36081033900,1,4,NA
36081034700,4,30,9
36081035100,10,26,11
36081035200,1,12,3
36081035300,45,90,7
36081035700,10,40,13
36081035800,8,57,3
36081036100,16,64,11
36081036300,10,19,4
36081036500,11,30,9
36081036600,2,15,5
36081036700,3,23,13
36081036800,NA,7,3
36081037100,NA,2,2
36081037300,4,26,7
36081037500,10,30,3
36081037600,5,41,5
36081037700,16,34,16
36081037900,13,34,14
36081038100,3,30,11
36081038400,2,11,2
36081039400,1,11,7
36081039800,7,28,17
36081039900,22,80,4
36081040000,1,4,1
36081040100,13,48,11
36081040200,NA,3,NA
36081040300,1,8,2
36081040400,35,289,8
36081040500,NA,1,1
36081040700,19,48,9
36081040900,4,30,2
36081041100,2,28,1
36081041300,8,15,4
36081041400,14,88,16
36081041500,14,37,2
36081042400,NA,9,NA
36081042600,NA,1,1
36081042700,2,25,6
36081043200,5,26,7
36081043400,NA,2,3
36081043701,10,23,2
36081043702,3,23,6
36081043900,1,45,3
36081044000,5,85,17
36081044301,1,8,2
36081044302,13,9,4
36081044400,3,54,10
36081044601,1,22,8
36081044602,7,41,4
36081044800,1,5,2
36081045000,NA,4,NA
36081045200,NA,21,NA
36081045400,3,39,5
36081045500,62,194,11
36081045700,4,8,6
36081045800,8,29,2
36081045900,1,6,3
36081046000,49,137,12
36081046100,1,NA,1
36081046200,13,94,25
36081046300,5,29,1
36081046500,7,21,9
36081046600,6,4,5
36081046700,27,198,15
36081046800,2,12,4
36081046900,15,104,13
36081047000,5,54,9
36081047100,1,14,NA
36081047200,4,37,6
36081047300,1,10,2
36081047500,7,1,NA
36081047800,NA,21,5
36081047900,3,21,5
36081048100,11,21,8
36081048200,2,31,2
36081048300,NA,4,NA
36081048400,NA,6,3
36081048500,1,8,NA
36081049200,1,32,2
36081049301,NA,3,2
36081049302,6,12,7
36081049600,NA,18,3
36081049900,NA,3,NA
36081050000,26,130,11
36081050201,2,21,NA
36081050400,NA,9,1
36081050600,NA,7,4
36081050800,3,35,6
36081051000,1,7,NA
36081051100,3,24,NA
36081051200,3,12,NA
36081051500,2,16,4
36081051700,1,11,2
36081051800,7,5,NA
36081052000,1,15,2
36081052100,NA,3,3
36081052200,2,23,NA
36081052400,5,30,NA
36081052500,1,6,NA
36081052600,4,21,1
36081052800,13,66,11
36081053000,3,42,8
36081053100,5,14,4
36081053200,5,39,4
36081053401,NA,3,NA
36081053500,1,10,1
36081053601,NA,3,NA
36081053800,4,34,3
36081053900,23,77,17
36081054000,9,95,12
36081054200,1,31,6
36081054500,31,71,20
36081054700,22,53,14
36081054800,NA,3,2
36081054900,31,134,12
36081055100,37,128,38
36081055200,15,72,NA
36081055300,14,72,21
36081055500,2,10,5
36081055700,10,67,15
36081055900,8,28,24
36081056000,2,20,2
36081056400,3,3,3
36081056500,1,11,NA
36081056600,1,2,2
36081056700,12,58,10
36081056800,9,73,5
36081057700,12,42,14
36081057900,11,26,1
36081058000,NA,3,NA
36081058100,1,16,4
36081058200,5,69,22
36081058300,4,31,7
36081058500,5,16,2
36081058700,5,31,1
36081058900,19,72,7
36081059100,24,73,26
36081059300,14,28,6
36081059400,NA,NA,1
36081059500,13,29,12
36081059600,NA,3,NA
36081059800,6,32,7
36081060000,NA,NA,1
36081060100,NA,10,1
36081060600,NA,4,2
36081061301,10,33,7
36081061900,15,36,2
36081062100,NA,3,NA
36081062300,NA,2,4
36081062500,NA,4,3
36081062600,2,15,2
36081062700,1,NA,NA
36081062900,17,49,13
36081063000,NA,11,2
36081063200,NA,NA,1
36081063301,3,9,NA
36081063500,3,11,NA
36081063700,NA,4,1
36081063800,5,16,4
36081063900,2,1,1
36081064101,2,4,NA
36081064500,3,18,2
36081064600,6,20,4
36081065000,1,7,2
36081065400,3,15,1
36081065600,5,29,6
36081065703,1,3,NA
36081066000,NA,1,2
36081066400,3,42,5
36081067700,1,7,NA
36081067900,1,18,1
36081068000,7,28,11
36081068200,NA,3,1
36081068300,4,16,1
36081068700,1,15,1
36081069000,3,17,10
36081069300,5,53,1
36081069400,1,13,5
36081069500,1,17,NA
36081069701,9,43,3
36081069702,7,16,6
36081070300,2,3,NA
36081070700,4,9,NA
36081070900,3,27,1
36081071100,2,7,1
36081071303,14,55,NA
36081071304,12,36,3
36081071305,1,15,NA
36081071306,13,78,7
36081071701,10,28,2
36081071702,NA,8,1
36081071900,2,8,NA
36081072100,1,24,NA
36081072300,NA,1,NA
36081072900,1,NA,NA
36081073700,NA,3,NA
36081073900,11,82,3
36081074100,1,7,1
36081074300,1,20,4
36081074500,5,17,1
36081074700,8,52,2
36081075701,4,17,2
36081075702,NA,3,NA
36081076901,21,56,10
36081076902,NA,5,NA
36081077300,NA,1,NA
36081077500,7,21,3
36081077902,2,6,1
36081077903,9,29,4
36081077904,7,37,2
36081077905,5,40,6
36081077906,1,46,3
36081077907,20,41,9
36081077908,37,127,13
36081078800,6,44,2
36081079000,11,72,16
36081079200,NA,23,8
36081079701,3,17,NA
36081079702,7,12,5
36081079900,5,10,NA
36081080301,NA,2,2
36081080900,4,25,1
36081081400,4,13,3
36081081800,8,66,6
36081083700,NA,7,1
36081083800,4,40,7
36081084000,2,19,1
36081084500,NA,31,1
36081084602,NA,11,1
36081084900,19,35,17
36081085300,NA,31,2
36081085500,2,18,2
36081085700,16,55,2
36081085900,18,62,7
36081086100,5,15,2
36081086300,8,55,3
36081086400,NA,35,14
36081086500,4,23,1
36081087100,11,16,6
36081088400,2,15,7
36081088901,12,62,10
36081090700,NA,1,1
36081091900,NA,11,5
36081092200,NA,3,NA
36081092500,17,27,7
36081092900,2,19,4
36081093401,5,13,1
36081093402,13,42,11
36081093800,9,68,2
36081093900,1,2,NA
36081094201,6,21,1
36081094202,7,59,11
36081094203,5,15,7
36081094500,NA,3,NA
36081094700,3,11,NA
36081095400,15,153,29
36081096400,19,81,14
36081097202,16,54,7
36081097203,10,84,9
36081097204,4,44,11
36081097300,1,3,1
36081099100,NA,1,NA
36081099200,24,106,13
36081099701,NA,2,NA
36081099703,1,13,1
36081099704,2,30,4
36081099801,34,127,22
36081099802,46,240,24
36081100801,13,34,7
36081100802,24,110,18
36081101001,52,204,27
36081101002,1,20,NA
36081103201,57,251,38
36081103202,39,82,6
36081103300,NA,1,NA
36081103900,2,18,3
36081104700,2,6,NA
36081107201,3,24,NA
36081109700,1,6,NA
36081109900,2,16,2
36081113300,1,72,5
36081113900,1,18,2
36081115500,3,4,1
36081115700,1,20,1
36081115900,3,37,1
36081116100,NA,NA,1
36081116300,6,28,3
36081116700,4,33,1
36081117100,1,39,2
36081117500,1,5,NA
36081118100,NA,2,NA
36081118500,6,13,6
36081118700,3,7,1
36081118900,3,14,1
36081119100,NA,6,1
36081119300,1,20,NA
36081119900,NA,NA,5
36081120100,NA,1,5
36081120300,NA,NA,1
36081120700,NA,NA,1
36081121500,NA,1,NA
36081122701,11,31,10
36081125700,4,22,NA
36081126700,NA,NA,1
36081129103,2,28,1
36081129104,NA,5,NA
36081130100,3,12,1
36081134100,NA,2,NA
36081134700,NA,1,NA
36081136700,2,2,NA
36081137700,3,5,2
36081138501,NA,2,NA
36081144700,8,12,7
36081145101,NA,NA,1
36081145102,NA,1,1
36081145900,NA,11,2
36081146300,NA,8,NA
36081146700,3,15,NA
36081147900,2,13,NA
36081148300,NA,11,NA
36081150701,1,5,1
36081150702,2,17,NA
36081155102,NA,7,NA
36081157901,NA,9,NA
36081157903,NA,1,NA
36081161700,3,33,6
36081162100,7,11,1
36085000300,NA,10,3
36085000600,10,33,8
36085000700,11,101,10
36085000800,27,79,2
36085000900,27,125,11
36085001100,35,225,49
36085001700,2,18,3
36085002001,2,10,NA
36085002002,4,4,NA
36085002100,34,185,38
36085002700,14,80,10
36085002900,24,203,38
36085003300,10,128,4
36085003600,1,3,NA
36085004000,26,184,30
36085004700,1,3,NA
36085005000,6,51,12
36085005900,2,15,NA
36085006400,NA,2,1
36085006700,2,34,1
36085007000,5,23,7
36085007400,24,25,20
36085007500,7,110,13
36085007700,17,176,17
36085008100,20,101,17
36085009602,3,22,2
36085009700,5,33,24
36085010500,15,137,24
36085011201,1,14,3
36085011202,5,49,1
36085011401,NA,2,1
36085011402,NA,2,NA
36085012100,1,4,NA
36085012200,2,8,1
36085012500,19,107,7
36085012804,NA,1,1
36085012805,NA,5,NA
36085012806,4,45,2
36085013201,NA,NA,1
36085013204,1,7,NA
36085013302,15,132,12
36085013400,3,14,1
36085013800,7,30,1
36085014100,8,22,1
36085014604,NA,4,1
36085014606,NA,17,NA
36085014607,3,8,1
36085014700,4,27,1
36085015100,6,12,2
36085015601,NA,8,NA
36085017005,2,12,1
36085017007,NA,2,NA
36085017008,NA,11,2
36085017010,2,5,NA
36085017011,NA,2,NA
36085017012,1,NA,NA
36085017300,2,3,1
36085017700,5,12,4
36085018100,2,15,1
36085018702,3,20,NA
36085018901,3,15,2
36085018902,2,8,NA
36085019700,NA,1,NA
36085019800,4,36,NA
36085020100,4,11,14
36085020700,32,219,50
36085020801,NA,1,NA
36085021300,17,85,4
36085022300,4,64,11
36085022600,1,1,2
36085023100,3,47,9
36085023900,3,18,9
36085024401,NA,8,NA
36085024402,6,18,NA
36085024700,25,93,9
36085024800,5,9,NA
36085025100,4,4,NA
36085027301,1,7,NA
36085027302,2,9,1
36085027702,NA,34,3
36085027704,4,4,NA
36085027705,2,19,2
36085027706,5,13,NA
36085027900,3,5,NA
36085029102,2,3,3
36085029103,NA,17,1
36085029104,NA,12,3
36085030301,1,11,2
36085030302,6,65,8
36085031901,13,27,2
36085031902,9,91,7
36085032300,10,44,3
